10001.jpg,a detail pair of heels for women 's best
10003.jpg,fans clash the match at the benefit stadium .
10004.jpg,vector illustration of a rhinoceros
10009.jpg,vector illustration of a tropical floral frame .
10010.jpg,road leading to the dam
10011.jpg,person performs during the festival tour .
10012.jpg,actor attends the westwood premiere
10013.jpg,vector illustration of a banner for holiday .
10014.jpg,a couple of a dog
10019.jpg,illustration of a girl with a teddy bear
10020.jpg,the world 's annual
10022.jpg,actor arrives at the premiere
10024.jpg,slice of soup on a white background
10025.jpg,biological species in the grass
10026.jpg,a lady looks in a chair
10027.jpg,the moon of the globe
10028.jpg,a tin egg on a white backgrounds
10029.jpg,a close - up of bowls of different values blooming
10030.jpg,actor arrives at the premiere
10035.jpg,i love this 's hat but i thought to be a tattoo !
10039.jpg,gondola past the top sail
10040.jpg,illustrate of a red splash flower isolated on white background
10042.jpg,artist performs on stage during festival
10044.jpg,trunk palm tree with a palm tree
10045.jpg,a classic of pumpkin and a classic dish
10046.jpg,flag waving in the wind
10047.jpg,actor arrives at the premiere
10048.jpg,a large tree in the village
10049.jpg,actor attends the 70th anniversary event
10050.jpg,a woman listening the sun in her hand
10052.jpg,woman having a girl in her house
10053.jpg,a train moves through the railway
10054.jpg,baseball player hits out during the first inning of the game against sports team .
10055.jpg,person
10056.jpg,a large wooden sign directing location
10060.jpg,actor and actor attend the premiere
10061.jpg,a dog is grazing on a pile
10064.jpg,industry painting ~ the painting by person
10066.jpg,a close up of a horse
10069.jpg,construction crane in the fog
10070.jpg,young woman in a red coat
10071.jpg,young woman holding a bottle of water
10072.jpg,huge baby and smiling father 's mother 's hands in the street
10074.jpg,latin pop artist arrives at awards held
10075.jpg,hand drawn lilies of the human brain
10076.jpg,a girl in shares outfit with a black dress
10078.jpg,the headquarters of the town
10079.jpg,the sign of the building
10083.jpg,bride and groom kiss mother in the beautiful floral wedding dress
10085.jpg,person competes during the match .
10086.jpg,skyline in the background
10087.jpg,person performs on stage during awards
10088.jpg,rescued picking a nap in the countryside
10091.jpg,young woman working in a classroom
10093.jpg,the synagogue has recently recently a visit
10096.jpg,a white cat makes a white coat with a dog
10097.jpg,flag waving in the window
10098.jpg,a juvenile ostrich with a dog
10099.jpg,a child 's hand lies on the beach
10103.jpg,a model walks the runway at the summer fashion show during event .
10104.jpg,actor attends the european premiere
10105.jpg,compare the slope of the island
10106.jpg,hard rock artist performs on stage during awards
10109.jpg,taxi on the beach
10111.jpg,american football player celebrates after defeating lacrosse team during the match .
10113.jpg,smooth blue gold metallic uppercase or capital letter y
10115.jpg,a tea plate with cake jam
10117.jpg,traffic jam in the morning
10119.jpg,vector illustration of a banner for holiday .
10120.jpg,a dog in sweater
10121.jpg,a car driving along the road
10122.jpg,young woman in a cell of stairs
10123.jpg,detail of a white and white alpaca
10124.jpg,bees try shelter in the yard
10125.jpg,abstract background of the stars
10126.jpg,person performs live during desert
10127.jpg,a cyclist riding a scooter in the rain
10128.jpg,actor attends the premiere held .
10129.jpg,movie poster for the prices
10130.jpg,construction cranes electrical crane in the area
10131.jpg,hairstyles dress with long black laces
10132.jpg,a few of pizza for sale .
10135.jpg,players leave the team of the team 's final .
10136.jpg,a white dog in the grass
10137.jpg,the big appealing of the staircase
10138.jpg,a table of author in the second of a programme
10140.jpg,the nail of the building
10141.jpg,the water of the beholder
10142.jpg,the presents of the toy
10143.jpg,a fire lit in the sunset
10144.jpg,a pot bellied with a paw
10146.jpg,hidden of drawers in the world
10147.jpg,a sign pointing outside the building
10148.jpg,bare essentials bedroom with a double bed
10149.jpg,the traditional food of traditional food
10150.jpg,a horse on a horse drawn a horse
10152.jpg,funny animals in the snow
10153.jpg,the new residential building
10155.jpg,aerial view of the train
10161.jpg,the dining room in the home
10163.jpg,a flight in the master bedroom
10165.jpg,vector illustration of a banner for holiday .
10167.jpg,pop artist performs during show
10173.jpg,a young man dressed a hat in the bush
10174.jpg,the bar stands depicted by media network
10175.jpg,a painting of a baby girl
10180.jpg,actor attends the premiere during festival
10182.jpg,a closer look way through the inserts of a convertible car
10184.jpg,a slice of a seagull displays a piece of eggs .
10185.jpg,shades of young attractive woman relaxing a book in the city
10187.jpg,actor attends the uk premiere
10188.jpg,images from the boys basketball game .
10189.jpg,a fig of maple blossoms
10190.jpg,a monitor lizard in the countryside
10191.jpg,horse in a field
10193.jpg,alternative rock artist performs on stage
10195.jpg,a provocative of person in the woods
10196.jpg,i want this tattoo for my son 's makeup :)
10198.jpg,illustration of a girl playing golf on the beach
10199.jpg,people walk in the city
10200.jpg,rear view of a woman with a dog walking in the ocean
10201.jpg,a model walks the runway at the winter fashion show during paris menswear fashion week .
10204.jpg,a dog is also a lot of vehicle
10205.jpg,a fountain of water
10208.jpg,the bride feels about color of color .
10209.jpg,vector illustration of a funny cartoon girl with a red ball
10210.jpg,a dog is moving in the bush
10212.jpg,flag in the form of a 3d illustration
10213.jpg,the road of the road
10214.jpg,actor attends the premiere of film
10215.jpg,pop artist performs on stage during the season
10216.jpg,pop artist performs on stage during the tour .
10217.jpg,colourful heart in the dark heart
10218.jpg,a close - up of a young woman putting a flower of water
10220.jpg,a finger of a hand holds a hand gesture
10221.jpg,shocking scenes of the house
10222.jpg,vector illustration of a cat with easter eggs
10223.jpg,illustration of a boys boy with balloons and smiling in the background
10225.jpg,person advisor and actor
10226.jpg,mother and actor arrive at the fall fashion show during fashion week .
10227.jpg,actor attends the premiere of film
10229.jpg,person competes for the final match .
10231.jpg,a model walks the runway at the winter fashion show during milan menswear fashion week .
10232.jpg,a man is throwing a red ball in the waves
10240.jpg,puppy playing in the rain
10241.jpg,person walks the road at sunset
10242.jpg,a pen belonging of birds
10243.jpg,biological species in the zoo
10246.jpg,boats fishing fishing in the bay
10248.jpg,the front door of the house
10250.jpg,the table table in the middle of the house
10253.jpg,a view of the building
10254.jpg,actor attends the premiere of film .
10255.jpg,a general view of the building
10260.jpg,finishing profile : person kept a little queen size in a low outfit
10261.jpg,a boy and woman relaxing a relaxing toy relaxing a toy in the street
10262.jpg,actor and comedian during the premiere
10265.jpg,a summers day in the sea
10266.jpg,fruit on a fruit market
10267.jpg,facade of a building building
10268.jpg,the gates inside the main floor
10269.jpg,dish with chocolate sandwich on a white background
10270.jpg,a pen of a woman stretching dollar bills
10271.jpg,the earth of the moon
10273.jpg,a close - up of a sleeping cat with a dog
10274.jpg,mother in a long black dress
10275.jpg,automobile model shines the car during show
10276.jpg,a downed of a rural house
10278.jpg,the current owners is seen in the museum
10279.jpg,person is seen attending the premiere
10281.jpg,a dog with a stick of bread
10287.jpg,biological genus tolerate water in the dark
10288.jpg,rugby player celebrates with the ball during the match .
10294.jpg,portrait of a little girl and groom
10295.jpg,the sun sets of the ancient tank
10297.jpg,visual artist
10298.jpg,sad young woman sitting on a table
10301.jpg,weightlifter performs on stage during the final .
10302.jpg,a miniature tackle on the roof of a vehicle
10305.jpg,illustration of a banner for holiday
10308.jpg,funny dog plays a hug with a toy
10309.jpg,a view of the cliff
10310.jpg,squirrel carries seeds on a tree stump
10311.jpg,a juvenile ostrich laying a dog in the bathroom
10312.jpg,actor attends the premiere of season .
10313.jpg,a hiker watching along the horizon
10315.jpg,actor attends the westwood premiere
10317.jpg,a view of the stadium
10318.jpg,a model walks the runway at the gucci show during event .
10320.jpg,the river flows through the plains
10323.jpg,a statue of statue of politician in the dark
10325.jpg,a white truck in the middle zone
10326.jpg,a gas train at the intersection
10328.jpg,vector illustration of a red sports player
10331.jpg,extreme knitting - a gift vase for fall !
10332.jpg,handmade traditional floral paisley with a table
10334.jpg,biological species in the garden
10335.jpg,bubbles rising the moon in the region
10336.jpg,actor attends the premiere
10339.jpg,football player and metalcore artist attend the premiere
10340.jpg,bedroom with single doors in the yard
10345.jpg,the terrace plan features a manor
10346.jpg,the floor plan of the experimental area
10350.jpg,the bird lies the sun
10351.jpg,a model walks the runway at the fashion show during event
10354.jpg,sailing boat in the harbor
10355.jpg,a specially commercial box for a collection .
10356.jpg,a juvenile tree laying on top of the ground
10358.jpg,attractive young woman sitting on the terrace
10359.jpg,actor wears a red coat in a black coat
10360.jpg,young woman relaxing yoga in the rain
10361.jpg,actor attends the uk premiere
10362.jpg,a very young lighting of grapes blowing on the twig
10363.jpg,sixth birthday party of the national national national national football team
10364.jpg,rooftops in the village
10366.jpg,property image # sleep in the rental
10367.jpg,i want to love when the moon of the world
10370.jpg,successful businessman and woman drinking a cigarette in a restaurant
10371.jpg,biological species in the meadow
10372.jpg,a couple of fishing boat in the water
10374.jpg,football player and battle for the match .
10376.jpg,the home has steps to put a small concrete house
10379.jpg,a red shoulder hanging with a diamond
10381.jpg,a field of field of wheat fields in the field
10382.jpg,deities of the symbol
10385.jpg,a dog with a dog
10387.jpg,a model of a typical family
10389.jpg,football player inspect the touchline during the match .
10391.jpg,a close - up image of a goat
10393.jpg,a woman in purple dress lies a purple dress
10394.jpg,a overhead of a teenage girl with bikini sunglasses
10397.jpg,a woman with a suitcase
10400.jpg,person and actor attend the premiere
10401.jpg,the interior of a building
10405.jpg,the sun sets over bodies of water
10407.jpg,vector illustration of a woman holding a suitcase
10408.jpg,roses vase on a white background
10409.jpg,person rides pedigreed animal during a workout
10410.jpg,kids enjoy the sun in the sand
10412.jpg,the sofa and a table table in the living room
10413.jpg,the home was built kilometers the house
10414.jpg,milk on a white background
10417.jpg,armed force captains during the fight
10418.jpg,close up of a purple flower growing in the garden
10419.jpg,a crown statue of monarch
10423.jpg,vector illustration of a white teddy bear hides on a white background
10426.jpg,vector illustration of a white shiny frame .
10427.jpg,actor arrives at the premiere
10428.jpg,a young woman stands in the water
10429.jpg,equestrian and prepares during the nets .
10430.jpg,baby girl in the sun
10431.jpg,biological species perched in the rocks
10433.jpg,vector illustration of a banner for holiday .
10434.jpg,the world of the world 's most important maps
10435.jpg,a statue of politician stands in the city
10436.jpg,a view of the town
10438.jpg,a man in the winter woods
10440.jpg,view of the road leading from the sand
10442.jpg,a dog walking on the beach
10443.jpg,fresh strawberries on a white background
10444.jpg,aircraft model of aircraft model on the runway
10445.jpg,stands during the game against sports team .
10446.jpg,channels of the famous connected
10447.jpg,politician served a visit ; politician
10449.jpg,illustration of a young woman with a gift dog
10450.jpg,christmas tree in the forest
10451.jpg,the duck pond in the times
10452.jpg,vector illustration of a banner for holiday .
10453.jpg,martial artist and actor attend the debut
10454.jpg,hard rock artists perform on stage during festival
10456.jpg,surfing pool in the ocean
10457.jpg,common shrub blooming in the garden
10458.jpg,protesters clash during the match .
10459.jpg,person performs onstage during music festival .
10460.jpg,vector image of a banner for offer .
10461.jpg,baseball player reacts during the match .
10463.jpg,oval of the halo
10464.jpg,a very large bottle of pizza
10466.jpg,a farmer in the late morning
10467.jpg,a windmill in the grounds
10468.jpg,digital art selected for the #
10469.jpg,swimming in the clear waters
10471.jpg,the right shutter has a great door with a shiny gold steel doors .
10473.jpg,multicolor of the most futuristic festivals
10474.jpg,patriotic flags in the wind
10475.jpg,a model walks the runway at the fashion show during event .
10478.jpg,close up of a goose and white cat
10479.jpg,digital art selected for the #
10482.jpg,classic style nature of the terrier
10483.jpg,fans cheer before the start of the statue
10485.jpg,interesting architecture surround the church
10487.jpg,a closer look of a convertible
10488.jpg,actor attends the premiere during festival .
10489.jpg,picturesque thatched cottages in the village
10491.jpg,the great house was sold model
10492.jpg,rings of a white metal sign with a trail filled
10496.jpg,a little snake is wrapped in bed
10497.jpg,actor attends the european premiere
10498.jpg,the ship is raised by the amphibious assault ship
10499.jpg,actor attends the premiere during festival .
10502.jpg,a model walks the runway at the fashion show during event
10503.jpg,person
10504.jpg,the only boots i am so to give versatility between the right and stylish .
10505.jpg,map of the state flag
10507.jpg,hot air balloon in the rain
10508.jpg,waving demon in the dark background
10511.jpg,actor attends the premiere held
10512.jpg,sunflower flower on a green meadow
10513.jpg,shop locally made of the collection
10517.jpg,a three of a woman in a thought hat
10518.jpg,person advisor
10522.jpg,firemen walk past the streets
10526.jpg,abstract silhouette of a little girl with a teddy bear
10528.jpg,tourist attraction is photographed by person
10529.jpg,people enjoy the music pose during the parade
10530.jpg,swimmers making splash in the pool
10533.jpg,a creative illustration of visual artist
10534.jpg,young woman having a bottle of champagne
10536.jpg,a model returns backstage during the match .
10537.jpg,a gorgeous pair of centrifugal
10538.jpg,happy woman relaxing on the beach
10541.jpg,goalkeeper and corner : football player won gold gold makes a watch for the ball
10542.jpg,1 of the many rooms
10543.jpg,automobile model in the epic scenery
10544.jpg,a track of a woman in the grass
10545.jpg,person wears a black coat and black gown
10546.jpg,a swing of a white cat climbing a tree branch
10547.jpg,football player poses during the match .
10549.jpg,mug of a dog with a barrel mug
10552.jpg,person shares hitting a rock road
10553.jpg,vector illustration of a stamp for holiday .
10554.jpg,skyline of the skyline
10558.jpg,raster of female long shadow wheel isolated on a white background
10560.jpg,a close - up of a woman 's dog
10562.jpg,person and staff delivering a walk
10564.jpg,a woman sits on a chair with a nest in the background
10565.jpg,a view of the fallen
10569.jpg,vector illustration of a red shiny frame isolated on white background .
10570.jpg,the water of the frame of the planet
10571.jpg,actor and comedian attend the premiere
10575.jpg,a close up of the bed
10576.jpg,politician speaks in a meeting room
10577.jpg,a local man spreads water from a nearby
10578.jpg,the sun sets on the edges of the mountain
10580.jpg,symbol of the rock artist lays on the top of the tower of the tower .
10582.jpg,automobile model shines the central city
10586.jpg,people stand during a rally
10588.jpg,artwork of fictional fictional tv program .
10590.jpg,aerial view of the city
10591.jpg,cobblestone houses in the village
10592.jpg,the waste of the lake
10593.jpg,flag waving in the wind
10594.jpg,a woman is climbing a christmas tree
10595.jpg,a close up of a vanilla
10596.jpg,a view of the hotel
10598.jpg,time lapse of clouds moving the clouds
10599.jpg,football player poses for the fans
10600.jpg,the sun sets on the beach
10601.jpg,people watching the baseball team
10602.jpg,a view of the bed
10607.jpg,close up of a young man in a hospital
10608.jpg,i always love this dinosaur tattoo
10610.jpg,what process to say what much what what what what what think think about the rescue !
10611.jpg,the most expensive moon - height tower
10613.jpg,a view of the lake
10614.jpg,a road passing along the dam
10615.jpg,a close - up of a lion 's head
10616.jpg,a city in the borough
10619.jpg,fishing boats docked in the harbor
10620.jpg,the building is known of the tower
10621.jpg,the bar is also a classic sofa
10623.jpg,a city is known known a small experience of toys
10625.jpg,a collection of a watch
10626.jpg,young woman listening on boardwalk in the background
10628.jpg,a little snake in the woods
10630.jpg,beautiful woman posing in a long wedding dress
10631.jpg,the match won olympic around the finish of the lead
10633.jpg,view of the plain cliffs
10634.jpg,person
10635.jpg,actor dressed outside the construction of the construction site
10639.jpg,the cafe and the ceiling
10642.jpg,young woman in a blue dress in the field
10645.jpg,popcorn in the oven
10648.jpg,illustration of a long shadow female female playing golf in the dark
10649.jpg,olympic athlete checks the ball during the game against sports team .
10654.jpg,police watch a tour tour after being a military penalty
10655.jpg,shared of the white and white tulips
10656.jpg,a surfer sitting on the beach
10657.jpg,young woman calls a car in the car
10658.jpg,a woman in a temple
10659.jpg,vector illustration of a woman with feathers on a white background
10660.jpg,person speaks onstage during the show .
10661.jpg,automobile model shines the wheel outside the intersection
10663.jpg,person wears a purple t - shirt
10665.jpg,musician announced with his team onstage during the premiere
10667.jpg,a slow shot of a desert
10668.jpg,a close - up view of a young man putting his ears
10671.jpg,a mechanic in the car
10674.jpg,actor and guest attend the world premiere
10675.jpg,fans cheer their trophy during the game against sports team .
10676.jpg,hundreds of people take their new match .
10677.jpg,a miniature computer in cartoon photograph with a long shadow
10679.jpg,personal photo of the many
10680.jpg,a large of pizza in the grass
10682.jpg,actor attends the westwood premiere
10683.jpg,orange backlit on a black background
10685.jpg,a group of people enjoying themselves to climb the top of the mountain
10686.jpg,a model walks the runway at the fashion show during event
10687.jpg,vector illustration of a banner for holiday .
10688.jpg,the pier in the middle of the sea
10689.jpg,statues of a tall sculpture of bottles
10690.jpg,bride and groom kiss in the bathroom
10691.jpg,exclusive english baroque structure overlooking river
10694.jpg,symbols of the full moon
10695.jpg,strawberries on the branch of a white background .
10696.jpg,vector illustration of bunnies and kid girl doing yoga in the city
10698.jpg,a vehicle is seen at the start of the season .
10699.jpg,pandas are lying on the ground
10702.jpg,a skier and white cows standing in the mountains
10703.jpg,a set of a dream dog who is seen in the air
10704.jpg,the sun sets on the sand beach
10706.jpg,mosque of the great
10708.jpg,cat in the gray eyes
10709.jpg,a selection of our kids will encourage their own kids .
10710.jpg,a man in a gray t and a look look amazing
10711.jpg,a little girl lying on the wall
10713.jpg,vector illustration of a elements of a circular elements of elements elements elements elements different different .
10714.jpg,actors pose in front of the cathedral
10715.jpg,actors attend the world premiere
10716.jpg,flag waving in the wind
10718.jpg,pic - grade students grown in the school
10719.jpg,maybe would be a great difference !
10720.jpg,young man texting shirt shirt and taking a towel on the beach
10721.jpg,flag in the wind
10722.jpg,illustration of a white horse with a white horse
10725.jpg,return receive the final of the world
10726.jpg,the casual metal sculpture by the community
10727.jpg,the full moon of the moon
10728.jpg,a farmer and a brown brown plastic head on a bush
10729.jpg,a woman putting a metal in the gym
10731.jpg,the great is also a lot of asylum seekers .
10734.jpg,actor arrives at the premiere
10737.jpg,a wild of water in the water
10738.jpg,biological species perched in the dam
10739.jpg,person gives a thumbs up onto onto her diploma
10740.jpg,the cathedral of the medieval gates
10741.jpg,a model walks the runway at the show during fall
10745.jpg,biological species lounging in the woods
10746.jpg,automobile model is unveiled at the show
10751.jpg,palm tree in the region
10753.jpg,row of the band and quiet blue night look
10754.jpg,vector illustration of a jazz cat under a tree
10756.jpg,clock on the way of the plane
10758.jpg,the most expensive display of the building
10760.jpg,illustration of a woman with a red heart
10762.jpg,the ruin of the ancient town
10763.jpg,hd art selected for the #
10764.jpg,portrait of a little girl with a teddy bear
10766.jpg,actor attends the premiere during festival .
10768.jpg,cage of a fruit on a white background
10769.jpg,church of the medieval house
10770.jpg,three of type of dish
10771.jpg,person dressed by author fighting the national fans
10772.jpg,a young woman hiding in the countryside
10776.jpg,group of friends and daughter attend the launch event
10777.jpg,double - up view of a vintage convertible
10778.jpg,a general view of the bridge
10780.jpg,traditional ornamental floral paisley bandanna .
10781.jpg,a team bus in the middle of a polygon mesh object
10783.jpg,a blue fox in the sand
10784.jpg,medium shot of attractive young woman doing yoga in the office
10785.jpg,this is the classic cars stamped stamped with a long washed cheese
10789.jpg,royal harmony of the food
10790.jpg,inspiration of the bedrooms
10792.jpg,wallpaper and modern artist sitting on the couch
10795.jpg,political player members signs in the stands
10796.jpg,a logo of a logo washing a car
10799.jpg,tattoo in the fall of romantic comedy buses
10800.jpg,a model walks the runway at show during conference summer
10804.jpg,i prepared wanted wanted not love how to do how the wild !
10806.jpg,a black dog playing her cubs in the grass
10807.jpg,view from the top of the district
10809.jpg,actor attends the premiere
10812.jpg,the former home was sold by the club
10815.jpg,the ruins of the town
10816.jpg,the lobby has a special of the kind of the staircase
10819.jpg,biological species climbing along the dam
10821.jpg,hardwood floors in the hotel
10823.jpg,a local farmer is putting a candle in the middle of a statue
10824.jpg,a close - up of a young businessman with his bride
10825.jpg,a man is sitting in front of a window
10826.jpg,biological species in the grass
10827.jpg,young man in the distance
10829.jpg,person receives a young fans during the game against sports team .
10830.jpg,a model walks the runway at the show during fashion week .
10831.jpg,comedian performs during the show broadcasting
10833.jpg,a river in the woods
10834.jpg,vector illustration of a mountain goat with a tree branch .
10838.jpg,funny baby girl lying on the bed
10839.jpg,a little girl is sitting in a door
10841.jpg,the night sun shines through the sky
10846.jpg,a little boy getting fish from the water
10853.jpg,actor attends the world premiere
10854.jpg,actor attends the premiere
10855.jpg,a man surrounded in the rain
10857.jpg,pop artist lays a dance
10859.jpg,a young woman with his father embracing her baby girl
10864.jpg,a small snake in the woods
10866.jpg,a construction worker is depicted by author
10867.jpg,soccer player
10868.jpg,a realistic spider of a long red flower
10870.jpg,actor attends the westwood premiere
10872.jpg,vector illustration of a complex pixel pattern reminiscent of a maze building
10873.jpg,football player celebrates after scoring the opening goal of the game
10874.jpg,the flag shows the cathedral of the island
10879.jpg,concrete concrete in the forest
10880.jpg,athletes exit the top of the event
10881.jpg,a view of the family
10886.jpg,a silk cow sitting on a beach
10887.jpg,lace dress with a lace skirt
10888.jpg,a woman looks out of the water
10889.jpg,all about the textures of fall
10890.jpg,initial installation in the master suite
10892.jpg,tourist attraction in the distance
10893.jpg,a striking snow : the way of the social 's skipper
10895.jpg,a woman in a glass of a barrel shop whilst a bottle of champagne
10896.jpg,a city going the cottage
10899.jpg,the sea really comes to mind the ocean
10900.jpg,a close up of a young woman with shopping bags
10901.jpg,butterfly isolated on a white background
10903.jpg,person talks to the fans after the game against american football team .
10904.jpg,vector illustration of a teacher with abacus
10905.jpg,hardwood floors in the center
10908.jpg,a model of a long dog
10911.jpg,republic republic is find to climate until the beach
10912.jpg,footballer scores his team mates after scoring the hurdles track during the match .
10914.jpg,golfer hits the ball during the match .
10919.jpg,football player and football player during the match .
10928.jpg,a meal of vegetables in the shop
10931.jpg,a model walks the runway at the summer fashion show during fashion week .
10932.jpg,actor arrives at the premiere
10935.jpg,biological species in the garden
10936.jpg,a general view of the people at the event
10937.jpg,a model walks the runway at the fashion show during event
10938.jpg,what to draw the first of the first first of the first first of the first first of the first son
10940.jpg,a bright snow sculpture of the famous building
10941.jpg,the flag of the logo
10942.jpg,a mountain road in the mountains
10943.jpg,a city in the grounds
10948.jpg,the dining area holds a table
10949.jpg,coffee cup in coffee mug cup with coffee and coffee .
10950.jpg,successful businessman and his daughter 's award
10953.jpg,friends having fun in the park
10954.jpg,cartoon depressed noble rank in a wheelchair
10955.jpg,religious leader meets politician during the first half of the national football .
10956.jpg,a model walks the runway at the summer fashion show during event .
10957.jpg,a model walks the runway at the fashion show during fashion week .
10959.jpg,the first time of the first ever of the first time of the third time of the third time of the third .
10960.jpg,actor and his wife attend the cocktail party
10964.jpg,i 'm curled tattoo for me !
10966.jpg,basketball player and basketball player passes the ball during the match .
10970.jpg,actor and person pose during the dinner .
10971.jpg,singer songwriter performs on stage during awards
10972.jpg,a view of the home
10973.jpg,a dog lays a dog in the rain
10974.jpg,a tree growing for a girl
10977.jpg,cutting a sweet table with a glass bowl of beer
10978.jpg,football player looks on during the tour match .
10982.jpg,close up of a man walking in the fountain
10983.jpg,actor attends the press conference .
10985.jpg,i 'm this i 'm if you have a chameleon in my family
10988.jpg,traffic on the road in bad snowing
10989.jpg,gather the streets of the house
10991.jpg,person pitches against sports team
10993.jpg,surfer competes on the beach
10994.jpg,actor attends the los angeles premiere
10998.jpg,mom girl sitting on the table
11000.jpg,young mother with a spoon in the countryside
11001.jpg,horse in the previous post
11004.jpg,actor attends the westwood premiere
11006.jpg,a single plate with a twist of pizza
11007.jpg,a woman riding a motorcycle in a car
11008.jpg,fishermen construct in the harbor
11013.jpg,young woman talking on the water
11014.jpg,a close - up image of a cat playing in the zoo
11015.jpg,south bay and the ocean
11016.jpg,a stunning of a woman in a green sweater
11017.jpg,football player celebrates after scoring his side during the match .
11018.jpg,hairstyles sunglasses with a lot of these
11021.jpg,a logo sign outside of the headquarters
11022.jpg,people compete a flag on sunday
11023.jpg,a raised of the water
11024.jpg,the main tower of the building
11025.jpg,radio personality walks the runway at the fashion show during event .
11029.jpg,a bar and a table of a syringe
11032.jpg,a pile of pizza in different font .
11035.jpg,a class train at the train station
11036.jpg,young woman with long businessman fishing in the ocean
11040.jpg,the bell of the medieval main
11041.jpg,a lady in shares of the summer
11043.jpg,spectacular home with the fountain
11045.jpg,the universe of the mountains
11053.jpg,a juvenile and white old female running in the distance
11055.jpg,australian rules footballer kicks the ball during the training session .
11058.jpg,a tiny dog in the woods
11060.jpg,the bell spider of nutrition
11061.jpg,label and label of dish
11062.jpg,a dinosaur crawling honey with a long flower
11066.jpg,a pair of bread in the snow
11069.jpg,roots stone stone formations in the middle of the forest
11070.jpg,squirrel sitting on a log
11073.jpg,a logo sign outside of the headquarters
11078.jpg,young man using tablet pc in the office
11079.jpg,person
11080.jpg,a city is known known the king
11081.jpg,vector illustration of a banner for holiday .
11084.jpg,close up of a young woman sitting at home
11087.jpg,a plate of a recipe with a pen
11089.jpg,statue of the church
11091.jpg,police stand guard outside the city
11093.jpg,flag waving in the wind
11094.jpg,the courtyard of the family
11095.jpg,portrait of a smiling woman with a hair
11097.jpg,animated fountains on a black background .
11098.jpg,a branch of water in the greenery
11099.jpg,hip hop artist performs on stage during festival
11103.jpg,a dog lying on a white background
11105.jpg,chocolate cookies on a white plate
11106.jpg,the entrance was also seen at the headquarters .
11107.jpg,a bottle of beer isolated on white background .
11111.jpg,a red satin curtain in the wind
11113.jpg,a team of team 's homes
11114.jpg,person
11117.jpg,a young woman in a field
11118.jpg,costs for sale in the world
11119.jpg,the world of spectral lines
11121.jpg,a city in the woods
11124.jpg,automobile model shines the wheel in show
11125.jpg,vector illustration of a teddy bear
11126.jpg,vendors sell flowers in the market
11127.jpg,a model walks the runway at the fashion show during event .
11129.jpg,actor attends the premiere during festival .
11130.jpg,a dog is running through a car key
11131.jpg,4k view of a rice field
11132.jpg,a baby - haired woman with flowers and vegetables in the countryside
11134.jpg,seeing out : person
11136.jpg,close up of beer being poured into a glass of water
11138.jpg,close up of a mother looking at airport
11139.jpg,years ago banker commissioned photographers from the air deck
11140.jpg,a small years years reads a small flight
11141.jpg,football player talks to the fans
11142.jpg,deity of the uk photography divided where the region
11143.jpg,digital art selected for the #
11145.jpg,a model walks the runway at the fashion show during fashion week .
11146.jpg,a small waterfall in the north
11148.jpg,the bar outside the island
11149.jpg,actor attends the premiere
11150.jpg,actor attends the premiere of season
11152.jpg,person and groom drink a toast of beer
11153.jpg,sunset over the sea
11154.jpg,a couple of mass water in the rain
11157.jpg,young woman running on the ground
11158.jpg,horror : broadcaster may compete to capture a labrador labrador
11159.jpg,watercolor biological species in the winter
11160.jpg,vector seamless pattern with abstract motif .
11162.jpg,kittens lying on a bed
11164.jpg,soldier returns a vehicle during the event
11165.jpg,the home itself was being built
11166.jpg,happy parents spending a flower in the park
11167.jpg,biological species perched in the zoo
11170.jpg,football player and fight for the final whistle
11171.jpg,a close - up of a woman 's head with a huge of pizza
11175.jpg,vector image of women with dentist and women and women
11176.jpg,a little snake is served a small flight
11177.jpg,group of friends having fun in the hospital
11179.jpg,couples having fun in the sand
11180.jpg,blues artist performs on stage during festival .
11183.jpg,the entrance of the building
11185.jpg,person and actor attends show during festival .
11187.jpg,person arrives at the premiere
11189.jpg,football player shares the final whistle of the tournament .
11190.jpg,a young lady in the woods
11191.jpg,snowfall in the forest
11192.jpg,a close up of a vintage fox
11193.jpg,a large horse in the bush zone
11194.jpg,biological species preening in the dam
11195.jpg,group of friends running on the beach
11197.jpg,people walk amongst ground ground the ground
11198.jpg,a red barn in the old town
11199.jpg,a recipe of maple syrup on a white backgrounds
11201.jpg,a city is seen in the adventure
11202.jpg,a city in the grounds
11205.jpg,comedian and comedian royalty kiss after the match .
11207.jpg,baby girl in a wreath
11209.jpg,large table with a queen size and palm creates
11210.jpg,i 'll make a july - shirt
11212.jpg,a model walks the runway at the show during fall .
11213.jpg,the colourful castle of the globe
11214.jpg,local companies wonder about developments
11215.jpg,the glass glass window with a wall
11218.jpg,actor attends the westwood premiere
11220.jpg,wings of a luxury
11221.jpg,a little girl sits on a bench
11222.jpg,a farmer carrying a load of hay
11224.jpg,actor and celebrity attend the premiere
11225.jpg,the public facade of the building
11226.jpg,vigil at the lawn market
11227.jpg,a dog is standing in the grass
11228.jpg,people walking along the beach
11229.jpg,a close up of a fruit rotating a pickup truck
11230.jpg,a realistic flame in the dark
11231.jpg,a family in the rain
11234.jpg,image titled film character directed character
11235.jpg,palm tree in the christmas tree
11236.jpg,kitten facing the tree wearing a green coat
11238.jpg,bride and groom kiss mother in the wedding dress
11241.jpg,actor attends the premiere of festival .
11242.jpg,musical instrument company a fast hat
11243.jpg,young attractive woman talking on the phone
11244.jpg,the family and people walk on the beach
11245.jpg,construction cranes line the bridge
11247.jpg,horse in the previous post
11248.jpg,hard rock artist performs on stage during music festival
11250.jpg,the sun recedes over the mountain
11252.jpg,the dining room of the building
11253.jpg,actor attends the season premiere
11255.jpg,putts of the running earth in the rain
11257.jpg,a class look through the streets
11258.jpg,a cow and his dog got out of the lake
11259.jpg,person
11262.jpg,electricity pylon in the sky
11263.jpg,cartoon book with a syringe and eggs .
11264.jpg,simple agricultural door in the window
11265.jpg,seamless pattern of the repeating of the repeating
11266.jpg,blizzard in the snow range
11267.jpg,a woman sits in the condensation of a hospital
11269.jpg,a customer checks a car in the hotel
11270.jpg,a mug of a woman with a suitcase box in the garden
11273.jpg,football player celebrates after scoring the winning goal of the game
11274.jpg,puppy on the beach
11276.jpg,christmas tree in the form of a tree
11278.jpg,school type aid a gifts family
11279.jpg,trees in the woods
11281.jpg,a drawing of the human
11284.jpg,the houses of the town
11286.jpg,person and person texting in the autumn
11287.jpg,a man riding a scooter in the woods
11288.jpg,happy woman in the water
11289.jpg,organisation founder and organisation founder
11290.jpg,illustration of a girl holding a daisy
11292.jpg,happy family having fun in the sand
11294.jpg,a complete of vegan with a cute hispanic dog
11296.jpg,a view of the street
11297.jpg,a view of a stained glass window
11298.jpg,a camel in the rain
11299.jpg,a suitcase looks mightily proud to be a puppy for her pal .
11300.jpg,fireplace in the window
11301.jpg,pumpkin pumpkin in the garden
11302.jpg,view of the river and bridge
11303.jpg,mirrors can be equal in the room
11304.jpg,travel on the red clothing
11305.jpg,a view of traffic from the bridge
11306.jpg,drinks in the restaurant
11309.jpg,palace of the hospital situated
11310.jpg,multicolor of the full moon
11311.jpg,person told there enjoying a young girl
11312.jpg,a woman growing against a bottle of her hand
11313.jpg,actor attends the european premiere
11314.jpg,a pumpkin and broken tables boxes at the centre
11315.jpg,bucket list item with a cartoon
11319.jpg,actor arrives at the premiere
11320.jpg,tennis player of the team 's international friendly match .
11321.jpg,a young woman brushing his eyes in the rain
