10001.jpg,pair of new bright orange modern sneakers isolated on a white background
10003.jpg,court during a volleyball game
10004.jpg,creative fan - made movie posters as good or better than the real thing ?
10009.jpg,embroidery colorful floral seamless pattern with poppies and lilies of the valley .
10010.jpg,aerial flyover of a farm
10011.jpg,country artist had been chosen to belt out the anthem at thursday night 's game
10012.jpg,woman walking in the streets
10013.jpg,hand drawn head of hen
10014.jpg,alone boy throw rocks in the lake water
10019.jpg,opened parcel with a child 's toy isolated on white
10020.jpg,one of the favorite street food for many
10022.jpg,actor arrives at the premiere .
10024.jpg,tempered
10025.jpg,major armadillo - write essay which makes heavy use of middle quotes become paranoid that they 're misspelt
10026.jpg,sending in day for sculpture at the academy .
10027.jpg,artist 's concept of largest satellites laid out above the earth and it 's moon
10028.jpg,wish i could spend the extra money on these .
10029.jpg,flowers floating in a vase
10030.jpg,smiling woman having her hair brushed against a white background
10035.jpg,an old drawing of mine
10039.jpg,ornament on the front of gondola
10040.jpg,real estate business can be replaced with real estate business & dba logo at no charge
10042.jpg,pop artist on the stage with the band
10044.jpg,trees with a bright flowers
10045.jpg,business : breakfast at the bar
10046.jpg,flag flying outside stone wall .
10047.jpg,person faced the media for the first time since his appointment earlier this week
10048.jpg,a sign for a city .
10049.jpg,a good looking pair : the dance partner 's are arm in arm for another routine
10050.jpg,head and shoulders photo of a model with a colourful tattoo on her shoulder
10052.jpg,person and her husband
10053.jpg,looking good on the southbound return as it passes lake .
10054.jpg,person slides into home plate moments before person can tag him out during a game .
10055.jpg,happy mixed ethnicity group of friends and family playing sports and having fun in the garden on a summer day .
10056.jpg,a soft toy sat on the wall with a blue sky background
10060.jpg,the first bar officially opened on sunday after a soft opening .
10061.jpg,a red trolley was abandoned on the grass in the park
10064.jpg,fishes in an aquarium on animal
10066.jpg,if your horse gains weight a little too easily
10069.jpg,silhouettes of different antenna on the roof at background sunrise sun on sky
10070.jpg,woman with umbrella talking on the phone smiling feeling positive thoughts
10071.jpg,did you know the skin releases gallons of water in hot weather ? refresh it !
10072.jpg,organization leader and his mother
10074.jpg,the official images of celebrity
10075.jpg,digital art selected for the #
10076.jpg,wallpaper with a well dressed person titled trade journal magazine
10078.jpg,foreshadowing write a descriptive passage explaining what is creepy about this house
10079.jpg,sunset by the street
10083.jpg,people had a stunning emerald green wedding at a private residence .
10085.jpg,rear view of a skateboarder on the street
10086.jpg,at sundown
10087.jpg,the best new games on operating system software
10088.jpg,it 's looks like a happy house !
10091.jpg,joyful asian male dressed in shirt in a cage and wearing glasses using laptop at the library and listen to music while drinking coffee .
10093.jpg,a chinese shrine in a car park
10096.jpg,faucet and white basin in a bathroom
10097.jpg,illustration of the national flag looking like it is painted onto a wall
10098.jpg,receive the money you need in minutes or less !
10099.jpg,man in bathrobe lying on a lounge next to pool
10103.jpg,in bloom : prices for the dresses
10104.jpg,actor and his wife at festival
10105.jpg,welcome travel flat vector illustration .
10106.jpg,folk rock artist and rock artist perform on stage
10109.jpg,school of fishes in the sea .
10111.jpg,players take the field prior to the the football game against school district .
10113.jpg,buy football team smoked light from the online shop
10115.jpg,a vintage controller photographed on a glass table surrounded by bowls of snacks taken
10117.jpg,wooden pallets being transported on a van
10119.jpg,white paper christmas tree on a red matte background .
10120.jpg,the dog was playing in the snow .
10121.jpg,website category wanted a driveway so he would not have to keep parking his car on the road
10122.jpg,how to stencil a solid pattern on a wall
10123.jpg,researchers have found that the ant 's hair allows the insect to travel under great temperatures in the desert .
10124.jpg,beekeeper working in a spring season
10125.jpg,texture from the center of abstraction
10126.jpg,person of folk rock artist performs on stage
10127.jpg,happy little girl learns how to ride a bike in the park .
10128.jpg,actors attend the black carpet secret screening of black comedy film .
10129.jpg,around the world in music by person
10130.jpg,view of silhouette built structures against the sky
10131.jpg,dyed denim brings a refreshing twist to this washed - out pencil skirt .
10132.jpg,there are several new food items
10135.jpg,football player talks to players at a training session
10136.jpg,biggest fly in the world - photo #
10137.jpg,the sun is sitting on the horizon
10138.jpg,relief from within greek revival structure
10140.jpg,locate the card on the motherboard .
10141.jpg,free image of logo reflected on the eyes .
10142.jpg,sailing into the sunset aluminum license plate
10143.jpg,sunset above a city with airplane taking off
10144.jpg,snow covered bicycles parked in a row
10146.jpg,looking for a bed frame
10147.jpg,graffiti on the old city walls
10148.jpg,private cabins - for the most important guests
10149.jpg,cooked meat on the bbq
10150.jpg,cowboy talking on a cell phone at person in a city
10152.jpg,person drags a simulated victim to safety during an event
10153.jpg,grocery stores business currently under construction .
10155.jpg,railway bridge on the background of mountains and rain clouds
10161.jpg,dining area which have chairs
10163.jpg,person : me on the couch in the sitting room .
10165.jpg,handmade illustration of a snake
10167.jpg,beautiful pregnant woman in the park
10173.jpg,head coach is all smiles as his team takes a commanding lead against the golden
10174.jpg,an illustration of the backyard .
10175.jpg,live ducks
10180.jpg,new style blue mother of the bride dress with long sleeves
10182.jpg,hybrid set - up : couples a supercharged - cylinder engine with a 15kw electric motor .
10184.jpg,old glasses on the vintage document in selective focus
10185.jpg,young beautiful afro girl talking on smart phone while sitting on a stairway
10187.jpg,actors arrive at awards held
10188.jpg,american football player
10189.jpg,fir tree useful as a background .
10190.jpg,tiny green spotted gecko on pink wall
10191.jpg,young horse on green grass of the meadow
10193.jpg,person had an after winning award category
10195.jpg,actor - mixed media - 28x40 inches - original art by person
10196.jpg,the artist must have spent plenty of time creating this half sleeve tattoo .
10198.jpg,cartoon of a blonde woman on the beach .
10199.jpg,people wait on the street to see day parade in city centre
10200.jpg,what to know before visiting tourist attraction in hours
10201.jpg,a model walks the runway during the fall fashion show
10204.jpg,stores under the bumper when not in use
10205.jpg,this was everywhere ... slowly floating down the river towards bay .
10208.jpg,guests attend event to celebrate fit
10209.jpg,i love the art on this poster .
10210.jpg,abstract illustration with compass and world map in the foreground
10212.jpg,flag on the ball isolated on white photo
10213.jpg,i tend to play this album in my studio .
10214.jpg,actor attends the world premiere
10215.jpg,person was the youngest player in the field
10216.jpg,for the final performance at summer concert series
10217.jpg,sign in a garage over blue sky
10218.jpg,hand putting golden coins on a wooden table
10220.jpg,close up of a broken pencil in a man s hands
10221.jpg,the motorway passes over river and the canal .
10222.jpg,a set of colorful vector illustrations of elves .
10223.jpg,wallpaper probably containing a living room and a family room entitled person
10225.jpg,people having discussions inside a conference room .
10226.jpg,actor sitting on a couch in blue dress
10227.jpg,country artist attends the awards
10229.jpg,a girl reading by the riverbank
10231.jpg,man standing on the street
10232.jpg,person negotiating the water on his bike
10240.jpg,person
10241.jpg,the boy was left standing confused on the lawn as they waited for an ambulance to arrive
10242.jpg,portrait of a peacock on the background of his tail .
10243.jpg,new never - seen before colour illustrations for some critters
10246.jpg,boulders and pebbles are visible through the clear waters .
10248.jpg,building a screened in porch
10250.jpg,hanging dishes from the table for camp
10253.jpg,condominiums just a short walk .
10254.jpg,classic style : was radiant in a black dress with a plunging neckline
10255.jpg,the blue lagoon is example of a recipe with varying ingredients .
10260.jpg,tutorial / add an athletic skirt to the leggings
10261.jpg,a young couple relax on vacation on a gondola ride
10262.jpg,politician hugging dog as politician looks on fondly and secret servicemen hover on the lawn .
10265.jpg,a couple on a honeymoon relaxing in the swimming pool
10266.jpg,pumpkins
10267.jpg,buildings and sculptures of letters
10268.jpg,doors open to those who knock
10269.jpg,these peanut butter blonde brownies are full of peanut butter
10270.jpg,sign hand painted with flag over the flag
10271.jpg,this illustration shows the vehicle launching into space .
10273.jpg,old retro camera
10274.jpg,pop artist seen looking lovely in white award - red carpet
10275.jpg,quarter view of automobile model on display in the zone
10276.jpg,the tree fell across the car port and home .
10278.jpg,the fireplace surround is just one of the things covered on the tour !
10279.jpg,business is proud to sponsor a local football team as they 're known to their fans .
10281.jpg,bird and lizard speak in a shopping cart inside a supermarket
10287.jpg,a sunflower stands tall in the afternoon sun along with a bee
10288.jpg,racecar driver takes the ball during a training session
10294.jpg,flower delivery to the office .
10295.jpg,the first tank on white
10297.jpg,garment
10298.jpg,a man got depressed and sitting on a chair
10301.jpg,illustration of a girl doing yoga
10302.jpg,a pile of rusty iron pipes and other metal scrap
10305.jpg,a busker inflating balloons at the waterfront of the city also known as a city
10308.jpg,a close up on the map of fictional setting
10309.jpg,a man hiking a hill
10310.jpg,presence of the gray squirrel in a park
10311.jpg,a golden labrador retriever looks at a rough collie dog
10312.jpg,football player attends the press conference .
10313.jpg,photo : person looks out at the sea .
10315.jpg,fashion model in tights and garment leaving the gym
10317.jpg,corn and other produce at the supermarket
10318.jpg,woman tourist with camera on the street under sunlight and blue sky .
10320.jpg,bedrooms with views towards the castle
10323.jpg,part of a larger artwork
10325.jpg,bus driver injured after striking a garbage truck and billboard
10326.jpg,an illuminated sign promotes holiday
10328.jpg,if you 're heading to the beach today
10331.jpg,knitted bunny from a single square .
10332.jpg,to help you live a healthier .
10334.jpg,a plant and laden with flowers
10335.jpg,water in a swimming pool with tiled floor
10336.jpg,use yarn to tie your hair into a bun .
10339.jpg,olympic athlete plays basketball with deaf children during an event .
10340.jpg,our second double room situated at the rear of the building
10345.jpg,a custom - made screen divides this open concept master bathroom that features a gorgeous stone tub and a tailored chandelier .
10346.jpg,a technical diagram labeling the various parts of a window .
10350.jpg,a light weight piece broad bangle set in 22k hallmarked gold .
10351.jpg,an origami model of politician on hobby .
10354.jpg,yacht floating in the sea
10355.jpg,when it comes to presents
10356.jpg,group of hikers descending mountain range on the summit in person
10358.jpg,people have some fun on their wedding day - this photo is from a city
10359.jpg,there is a new bespectacled post up on my blog !
10360.jpg,a boy lets blood from her feet and hands drip down
10361.jpg,young positive man shows the way for female tourist
10362.jpg,flowers in a park with people blurred in background against setting sun
10363.jpg,members of the community enjoying social network user .
10364.jpg,stop sign in the snow - sd
10366.jpg,the room - huge tub with jets and even bigger shower
10367.jpg,person is a series set in a small rural town where not much of anything happens and everybody knows everybody and their business .
10370.jpg,troubled businessman sitting on a sofa and holding his head between hands
10371.jpg,biological species on a rocking horse
10372.jpg,boat tied to a tree on the river
10374.jpg,the team after their win over # ranked filming location .
10376.jpg,bright idea : baseball player put a backlit image on the garage door of his home .
10379.jpg,make the fifth part of the black and white pearl necklace
10381.jpg,time lapse clouds over the paddy fields
10382.jpg,cover art for the release .
10385.jpg,when the dogs are not working sheep
10387.jpg,giant floated pineapple on the beach with an ocean view
10389.jpg,coach calls to his players during the first quarter of a basketball game against sports team .
10391.jpg,social wasp isolated on the flower .
10393.jpg,girl in white clothes holds a basket of decorations
10394.jpg,everyone says how much they love accents
10397.jpg,friends chatting on a bed
10400.jpg,actor in a striped shirt and white jeans at the airport .
10401.jpg,beautiful patina of colours around this old window .
10405.jpg,a tabular iceberg against a pink sunset .
10407.jpg,walking girl with phone on the road in black colors
10408.jpg,creating a composition of flowers by hand
10409.jpg,cowgirl riding a horses during rodeo
10410.jpg,young woman watching the sea with hands up
10412.jpg,example of a trendy living room design with white walls and a ribbon fireplace
10413.jpg,establishing shot outside a fancy upper east side style apartment building .
10414.jpg,all of the products we offer
10417.jpg,noble person visited a city on wednesday .
10418.jpg,purple - blue bell flowers ofbiological genus hang from tall stems in a midsummer garden
10419.jpg,portrait of a gentleman said to be person
10423.jpg,open palm isolated on a white background .
10426.jpg,set of the tire tracks of the tractor isolated elements .
10427.jpg,after the workout : later on the same day
10428.jpg,person sails to a beach at reserve from his uncle 's camp across the lake .
10429.jpg,person patting horse before a ride .
10430.jpg,person and grant in front of the christmas tree
10431.jpg,a bald eagle soars away to enjoy the meal .
10433.jpg,green kind alien in blue space suit laying in levitating chair relaxing with a glass of drink drawn in cartoon style
10434.jpg,this type of map shows the boundaries between different countries and their capitals .
10435.jpg,bronze statue of politician
10436.jpg,looking down from one of the narrow streets leading .
10438.jpg,my sister had a ragged doll and we were scared to death of her .
10440.jpg,the track took us along the side of the valley
10442.jpg,all public waterways ? should have these .
10443.jpg,photo of strawberries falling into water against a white background .
10444.jpg,airline : meters from the gate to the aircraft
10445.jpg,paramedic is shown in this photo .
10446.jpg,greeting card featuring fictional character by person
10447.jpg,actor sits in a car with actor in a scene from the movie
10449.jpg,yellow fish in a transparent container with water .
10450.jpg,christmas in the woods by lawyer
10451.jpg,home of the prime minister
10452.jpg,person with a member of the team
10453.jpg,actor attends the premiere at theater
10454.jpg,hard rock artist performs a live concert at festival .
10456.jpg,surfer on beach with surfboard by the sea
10457.jpg,purple flowers in a field moving camera
10458.jpg,people enjoying live music during festival which took place
10459.jpg,pop artist performs on stage at the beginning of his concert .
10460.jpg,shone windows of houses of a night city
10461.jpg,baseball player on the field before a game
10463.jpg,video game series - inspired necklaces for person in your life .
10464.jpg,tundra it 's found at the far northern parts .
10466.jpg,female walking along a wooded path
10467.jpg,aircraft line or helicopters of air force flying over a mosque
10468.jpg,thing about this facial hair setup
10469.jpg,half underwater close up
10471.jpg,residents were seen looking out of windows in the residential block
10473.jpg,general view shows an illuminated globe during the opening ceremony .
10474.jpg,the kites flown at festival turned the sky into a kaleidoscope of color .
10475.jpg,angel of the sea by people
10478.jpg,siamese cat sitting on the ground of the park
10479.jpg,every time i close my eyes
10482.jpg,the romantic bedroom in the cabin .
10483.jpg,stadium coming alive on game day !
10485.jpg,ancient arch in the city centre
10487.jpg,person
10488.jpg,person proudly showcasing his poster .
10489.jpg,great house on a pretty block .
10491.jpg,outside view of the house
10492.jpg,silhouette of black street lamp on the white background .
10496.jpg,pillows by person featuring the border by person and sons .
10497.jpg,hard rock artist of the band with a friend
10498.jpg,video : these are some of the weirdest ships in the world
10499.jpg,old man with a heart attack royalty - free
10502.jpg,happy couple flirting on scooter .
10503.jpg,dressed up orthodox children climbing a wall on day
10504.jpg,sassy wedge sandal with knot detailing and an adjustable strap for a secure fit .
10505.jpg,digital art selected for the #
10507.jpg,people watch as balloons fly above the capital city during festival .
10508.jpg,a square orientation of hundreds of trees are covered with colorful christmas lights and reflected on the surface
10511.jpg,actor on the set of romantic comedy film directed and produced by film director
10512.jpg,a gentle flower of marigold with a green bug inside
10513.jpg,pairs of used shoes in a hallway
10517.jpg,person by person i discovered this painting while i was researching our most recent collection and then had the opportunity to acquire it .
10518.jpg,it 's a beautiful friday from our boutique !
10522.jpg,playing chess on a giant sized board
10526.jpg,how 's this for a cool bag ? it fits full size bottles of wine in !
10528.jpg,tourist attraction closed sign during the early summer months
10529.jpg,local people of the town carrying out a celebratory ritualistic procession to ask for good harvest for the monsoon season
10530.jpg,a young boy swimming in the sea
10533.jpg,my icon
10534.jpg,friends or teenage girl in sunglasses eating ice cream at the pool .
10536.jpg,country holds posters of politician during a protest .
10537.jpg,person made this beautiful version from my pattern .
10538.jpg,has been enjoying a vacation for the past few days
10541.jpg,the duke goes in goal as he hosts a reception for the football team
10542.jpg,going up : a construction worker looks out the windows of the 71st floor as a beam is lifted up by a cable
10543.jpg,automobile model driving on roads in the alps
10544.jpg,a woman is harvesting olives from trees
10545.jpg,government office
10546.jpg,industry is sawing tree using chainsaw in the forest
10547.jpg,middle aged man leaning on a graffiti wall in the city
10549.jpg,everybody has those days where f * s are given .
10552.jpg,the team on the summit .
10553.jpg,digital art selected for the #
10554.jpg,person is a vista - class cruise ship berthed
10558.jpg,the symbol commercial at is laid out in red beads on a white background
10560.jpg,industry for women ... those sleeves ! <3
10562.jpg,mommy and me starlet sported a pair of tight black skinny jeans which featured small silver zippers near her trim waistline
10564.jpg,oil well with a pink sky at sunset time .
10565.jpg,stationary establishing shot of a vineyard with a dirt road and large oak tree in the foreground .
10569.jpg,the letters s to z
10570.jpg,macro detail of water drops on a peacock feather taken
10571.jpg,4k happy women outside cafe hold up a sign to show they are open
10575.jpg,in the studio : blog post ~ loom weaving hobby
10576.jpg,second event : awareness in the university to > student .
10577.jpg,drinking water from a spring
10578.jpg,view facing approximately southwest
10580.jpg,silhouette of a rock climber
10582.jpg,all saints church and the town
10586.jpg,unraveling the importance of the protests
10588.jpg,biological species and flowers at a field 's edge
10590.jpg,and a city were the cities deemed most risky to visit on a short break
10591.jpg,members sit stationed outside a home on the block tuesday with reports of a man barricaded inside .
10592.jpg,trucks passing by over a city
10593.jpg,a flag waves in the wind in this file photo .
10594.jpg,up the movie inspired wedding photo
10595.jpg,glass of red wine at vineyard
10596.jpg,system installed in the middle of luxury living room with sunset view
10598.jpg,after the storm © person
10599.jpg,olympic athlete at medal ceremony
10600.jpg,geographical feature category off the coast at person
10601.jpg,tourists queuing for the ferry
10602.jpg,garden with a view : people made the most of their views when constructing their garden .
10607.jpg,profession cuts the hair of the client with scissors
10608.jpg,tattoo by bus
10610.jpg,introducing our award winners : skincare !
10611.jpg,the new bay bridge comes within inches of pier e1 of the old bridge .
10613.jpg,crossing the river to get back
10614.jpg,dry soil and cracked mud in the swamps
10615.jpg,the bronze commemorative medal of monarch by visual artist
10616.jpg,some graffiti i found a few years ago .
10619.jpg,photograph of boats in the fog
10620.jpg,buildings that transformed cities around the style
10621.jpg,three among hundreds of posters on display .
10623.jpg,art
10625.jpg,playing pieces prepare to go on a traditional edition of the popular board game
10626.jpg,the young teacher in glasses holding a pointer .
10628.jpg,ready to spend the night in a tree house ?
10630.jpg,actor contrasts her red hair with a blue dress
10631.jpg,person keeps a close eye on the ball on saturday .
10633.jpg,the island of island
10634.jpg,fans hope for a comeback .
10635.jpg,tourists walk by the bust of person
10639.jpg,our displayed shared the garage with armored vehicles overnight .
10642.jpg,close up of a girl in headphones makes workout on the nature
10645.jpg,woman pours a seasoning for eggs
10648.jpg,can of cola on a white background royalty free stock illustrations
10649.jpg,celebrity warms up before facing sports team in the first period of a hockey game .
10654.jpg,the bus carrying the team is escorted by police after having a window smashed
10655.jpg,the house of small fisher - farming folk .
10656.jpg,our chief leads us on the beach
10657.jpg,the most annoying features of modern cars
10658.jpg,chess pieces on a chessboard with figurines
10659.jpg,the girl with blue hair on the background of stars
10660.jpg,football coach addresses the media on day
10661.jpg,dog looking out the window
10663.jpg,christmas chic : the tv personality donned a cosy western christian holiday - inspired knit sweater with skinny jeans
10665.jpg,i love a man in an uniform !
10667.jpg,low angle wide shot of a motorcycle riding away from camera .
10668.jpg,basketball player was a fashion pioneer
10671.jpg,image titled judge the condition
10674.jpg,tennis player
10675.jpg,athlete on the podium after sunday 's race
10676.jpg,tourists and locals takes part at an event in front of person during christmas time .
10677.jpg,the world 's thinnest wallet designed for front pocket
10679.jpg,the scientific study of interactions among organisms and their environments what is ecology .
10680.jpg,biological species foraging for food in the sow
10682.jpg,film director poses for pictures as arrives for the event .
10683.jpg,in this photo taken the sun rises behind wind turbines .
10685.jpg,man standing on a remote cliff
10686.jpg,the family of person have penned a heartbreaking letter marking western christian holiday since his disappearance
10687.jpg,person in the vector illustration .
10688.jpg,colorful sunset on the sea .
10689.jpg,soldiers order a girl from her home before they enter
10690.jpg,mothers presenting the rings during the wedding ceremony
10691.jpg,reflections of boats and palms
10694.jpg,the view from left eye
10695.jpg,party it up at your baby shower with these cute pink
10696.jpg,businessman and a crowd of people in the background .
10698.jpg,detail shot of the front of a tram
10699.jpg,person is playing with the chain
10702.jpg,village after fresh snow on a clear winter 's day
10703.jpg,bright christmas gifts on a white background .
10704.jpg,a distant view of the pyramids
10706.jpg,the imposing minarets by person
10708.jpg,cat sitting in the doorway
10709.jpg,harvest of vegetables in a wicker basket
10710.jpg,students walking down the sidewalk
10711.jpg,a combine harvester works a barley field .
10713.jpg,football player scores the first goal by penalty kick during the final match
10714.jpg,the bride dances with her father under the tent .
10715.jpg,bride and guests outside the church after the wedding ceremony
10716.jpg,flag waving in the wind
10718.jpg,both teams after the game
10719.jpg,ideas for creating the ultimate home office
10720.jpg,i 'd start hiking if this is what i would see at the top
10721.jpg,wind turbine in the sky
10722.jpg,image of white country house on a plot
10725.jpg,biological species on a roof at a seafood restaurant
10726.jpg,journalist and actor using a garden hose to water the lawn of a house
10727.jpg,i really really want this shirt .
10728.jpg,organic carrots at the farmers market
10729.jpg,astronaut
10731.jpg,cars fill up at a station just before percent of the state - owned firm 's stations were privatised .
10734.jpg,pop artist arrives at awards
10737.jpg,the beautiful water reflection in the forest
10738.jpg,burger restaurant on a branch
10739.jpg,politician smiles while watching the entertainment
10740.jpg,english gothic structure in the late afternoon
10741.jpg,person is a print trim classic full - zip hoodie with a contrasting print lined hood made from iconic fabric which is exclusive
10745.jpg,this pair live and are currently sharing an enclosure !
10746.jpg,automobile model : the only new car for less than £ 1700
10751.jpg,how to put lights on a christmas tree !
10753.jpg,crowds of people pack streets after the new year 's eve fireworks .
10754.jpg,mural painting on the walls of a temple
10756.jpg,christmas card with snowflakes
10758.jpg,apartment near my laundromat ; looks like a tree purchased .
10760.jpg,illustration of a guy and a girl
10762.jpg,giant tombs carved into the rocks
10763.jpg,fireworks and lights are seen during the inauguration ceremony at the stadium .
10764.jpg,portrait of a happy red - haired girl
10766.jpg,tv personality arrives for the world premiere of drama film
10768.jpg,fresh fruit for sale in a street market
10769.jpg,trees just beginning to blossom
10770.jpg,food is made with a creamy mixture of milk chocolate
10771.jpg,coming soon : person earlier this month shared a poster for his upcoming movie
10772.jpg,a mini chest of drawers
10776.jpg,putting a brave face on : the couple with person shortly before they announced their split
10777.jpg,a double decker open topped bus on the seafront
10778.jpg,workers place the tree on its base .
10780.jpg,this is the back of my quilt .
10781.jpg,event at festival annual meeting of old and new vehicles
10783.jpg,dog digging on the beach
10784.jpg,medium shot of young man wipe his glasses next to the window in the kitchen
10785.jpg,these carrots looked a lot less orange without the flash .
10789.jpg,coffee next to a bouquet of flowers
10790.jpg,retail business is totally turning up the brightness this spring .
10792.jpg,actor attends the premiere held during festival .
10795.jpg,the funniest signs we saw
10796.jpg,close up of a - vintage filtered look
10799.jpg,think of putting these on the back of my legs
10800.jpg,politician bows as he greets person the queen on the steps
10804.jpg,abstract image of an antique sports car
10806.jpg,moving and packing the essentials - checklist of supplies : toaster
10807.jpg,vintage style image of city contrasts on the textured old paper background .
10809.jpg,country pop artist during awards held
10812.jpg,street scene with the statue of statesman
10815.jpg,a more modern spin on the same dorm and tree
10816.jpg,faux finish and designs made for a huge residential ceiling
10819.jpg,penguins lie in the shade among the roots of gnarled trees
10821.jpg,living room with pull out sofa .
10823.jpg,type of dish for parties and celebrations .
10824.jpg,image result for what to wear with a light blue and pink tie
10825.jpg,colorful row of shuttered windows of townhouses
10826.jpg,an old antique school bus over a white background
10827.jpg,a sunday morning goalkeeper is seen
10829.jpg,young girl batting in a softball game
10830.jpg,smile
10831.jpg,artist of artist performs in concert
10833.jpg,romanesque bridge on a river of high mountain
10834.jpg,set of images on a blurred background vector art illustration
10838.jpg,a dog is for forever
10839.jpg,photo of the bride getting ready !
10841.jpg,moving clouds before the full moon
10846.jpg,festival will be held and will provide color to the streets .
10853.jpg,person and child actor attend awards
10854.jpg,latin pop artist arrives at award category latin pop artist held
10855.jpg,pedestrians make their way through the snow storm
10857.jpg,there are worse things in life than being called a lady . actor
10859.jpg,a wanderlust - inspired alternative industrial wedding
10864.jpg,a field guide to the reptiles
10866.jpg,a sketch by painting artist .
10867.jpg,pop artist debuted the first close - up picture of her beautiful baby boy on a magazine cover with professional boxer -- see the pic !
10868.jpg,newly hatched mantis in my garden .
10870.jpg,actor attends the premiere during festival
10872.jpg,vector illustration of a complex pixel pattern reminiscent of a maze .
10873.jpg,football player and battle for the ball
10874.jpg,just like bricks make up a brick house
10879.jpg,a wooden bridge over a small mountain stream
10880.jpg,were pretty excited to see snow !
10881.jpg,household and electronic mobile shop on the street
10886.jpg,father and child feed the pigeons and geese
10887.jpg,a showcase of dreamy gowns inspired by purple dress
10888.jpg,border fence in the sand dunes near the west
10889.jpg,the crop hs arrived in the most lusted after trend this season
10890.jpg,the living room with it 's faux logs blazing up close .
10892.jpg,a constructed reef in the shape of a crate
10893.jpg,military parade in the city .
10895.jpg,black and white photo of bottles of wine on a kitchen counter
10896.jpg,landscape with a winding road and a trail on mountains stock photo
10899.jpg,northern lights above rock pools on the coast or country
10900.jpg,young caucasian boy having fun playing at the playground
10901.jpg,bright butterfly on a flower
10903.jpg,officers taking part in the parade through center
10904.jpg,a vector illustration of happy kids in a yoga class
10905.jpg,another view of private bedroom
10908.jpg,first mackerel of the year
10911.jpg,here are easy ways to pick up a few extra bucks on your next vacation .
10912.jpg,heads up : person climbs to nod the ball past person as animal make a positive start
10914.jpg,golfer competes in the wednesday pro am
10919.jpg,ice hockey player looks on after a game
10928.jpg,breakfast was a showcase of finest meats and cheeses
10931.jpg,a model walks the runway during organization leader as a part of spring .
10932.jpg,lipstick is almost never a good look ... and let 's not even start talking about her eyebrows .
10935.jpg,head and neck of a brown and white alpaca .
10936.jpg,group of cartoon people walking on the street
10937.jpg,what is up with barbie these days ?
10938.jpg,the art : a celebration of educational concept
10940.jpg,next to the abandoned plant
10941.jpg,a colorful hot - air balloon being inflated in the distance
10942.jpg,explore the remote villages and natural splendour of the mountains
10943.jpg,one of early models for building function
10948.jpg,there 's nothing like dressing up the plants .
10949.jpg,coffee mug and beans on the wooden rustic table .
10950.jpg,businessman with smartphone by the city street
10953.jpg,laughing family of four in a park
10954.jpg,picture of a girl who practices yoga
10955.jpg,boy praying on the western wall
10956.jpg,the latest men 's designs from the label .
10957.jpg,model in a dramatic dress
10959.jpg,the many faces of comic book character .
10960.jpg,me and my better half at an event
10964.jpg,tattoo done by person from end
10966.jpg,drives into the lane for a basket
10970.jpg,rock artist as an old man during production of his latest film
10971.jpg,themes at a fashion show
10972.jpg,person
10973.jpg,reminds me of my dog when she arrived home from the neighbours carrying a container of cottage cheese she stole
10974.jpg,it 's gold : the front features the presidential seal in gold - the color of choice
10977.jpg,fresh grape and red wine on the vintage table
10978.jpg,coach
10982.jpg,female hands holding a mug with tea
10983.jpg,simple style : wore her loose top tucked into the waistband of her jeans
10985.jpg,this shirt is a must have .
10988.jpg,navigating one of the season 's first heavy rains .
10989.jpg,investigate your options for a porch
10991.jpg,person is averaging a career - high receiving yards per game .
10993.jpg,a surfer gets some air time saturday .
10994.jpg,actor will try this in summer .
10998.jpg,which of the following foods might increase your chance of having twins ?
11000.jpg,the child looks to the tablet lying on bed .
11001.jpg,horses being shown before the race
11004.jpg,person has been gifted the key to the city of person having returned to the place where he grew up on the back last month web design
11006.jpg,on cold winter nights
11007.jpg,damage : author is pictured above walking down the highway next
11008.jpg,tourists getting on and off a cruise boat in autumn
11013.jpg,successful lady enjoying an ocean view
11014.jpg,white cigarettes in a row
11015.jpg,an elevated view of people swimming in the clear turquoise waters
11016.jpg,a piece of black and white art above a black leather sofa
11017.jpg,football player is consoled by football player
11018.jpg,medium hairstyles for round faces are pretty fun and interesting if you know a thing about them .
11021.jpg,illegal drugs on display in a suitcase
11022.jpg,a horse and jockey ride on the track
11023.jpg,seating area on the deck
11024.jpg,the bell tower in island royalty - free
11025.jpg,maxi dress stylish maxi dress
11029.jpg,family enjoying the living room of their home
11032.jpg,chest isolated on a white background
11035.jpg,long freight train hauled by a powerful diesel locomotive
11036.jpg,woman in a black bathing suit and a hat sitting on the edge of the pool looking at the sea
11040.jpg,gothic structure at night
11041.jpg,woman tourist in hat relaxing on the green grass around mountains under sunlight on sunny day under sky with clouds
11043.jpg,house in the mountains -- stock photo #
11045.jpg,listed site with sunset background .
11053.jpg,lady with sunglasses is helping her dog to drink water from plastic container in a meadow
11055.jpg,person
11058.jpg,funny animals of the week
11060.jpg,a chocolate - colored watch with scratch - proof mineral glass and precision movement .
11061.jpg,vector silhouette of a vintage rural house
11062.jpg,pink flower in a black background .
11066.jpg,ducks on the pond in winter
11069.jpg,the sand dunes of the desert
11070.jpg,biological species enjoying the berries of a bush .
11073.jpg,from the entryway
11078.jpg,mom and daughter reading a book sitting on the couch
11079.jpg,person what a beautiful shot with person slightly out of focus but present in this moment
11080.jpg,waves crash against the shore along the sea
11081.jpg,identify the abdominal regions and name organ within each abdominal region .
11084.jpg,a teenage girl using a tablet computer
11087.jpg,a piece of legal paperwork and a plate
11089.jpg,gargoyles and other ornate carved stonework outside italian comune
11091.jpg,making the all - important music video .
11093.jpg,national flag on a flagpole
11094.jpg,home on the muddy shores
11095.jpg,elderly woman with gray hair looks at the camera
11097.jpg,what should be my blood pressure as a man of 50 ?
11098.jpg,the waterfall just below the steps
11099.jpg,person performs during music festival
11103.jpg,put these animals into order of gestation period - shortest to longest
11105.jpg,food is the perfect fall appetizer .
11106.jpg,the organization moved to a temporary location near the intersection of roads in april while the main building undergoes $14.4 million in renovations .
11107.jpg,if anyone is still looking for that last minute gift
11111.jpg,in the pine forest ~ by peace activist
11113.jpg,zombies in a town sitting and walking
11114.jpg,a good day on the beach
11117.jpg,grass should be completely dry for the ideal fire .
11118.jpg,racing car sits in the pits
11119.jpg,top level grouped product with links to products in the group
11121.jpg,measured for a new roof
11124.jpg,need for speed : actor
11125.jpg,pig affected by the economic crisis
11126.jpg,fruit and vegetables are sold at the local market
11127.jpg,innovation is ugly : true invention requires that we push away from our comfort zone .
11129.jpg,brutal man shakes his biceps in the gym
11130.jpg,puppy is laying on a couch and looking to the right
11131.jpg,businessman walking on a solitary road in the countryside stock photo
11132.jpg,couple sharing a kiss on christmas morning in front of the tree .
11134.jpg,the clowning glory of christmas
11136.jpg,colourful cocktail on the black background
11138.jpg,happy young fashion couple in love at the wall
11139.jpg,workers are seen buffing the seams of the stainless steel sculpture
11140.jpg,high on a hill sits this little shed with plenty of personality !
11141.jpg,a packed crowd on the first day of festival today
11142.jpg,drops of water on the glass
11143.jpg,a supporter has his face painted with the logo
11145.jpg,custom made hippie lace collage gown one of a kind with sleeve
11146.jpg,under water in the sea and waving
11148.jpg,person located -- the heart -- blocks away .
11149.jpg,songwriter
11150.jpg,actor attends the premiere of episode
11152.jpg,happy friends celebrating christmas together with champagne at the local bar
11153.jpg,colorful sky and silhouette of islands on the background at sunset in beach
11154.jpg,pensioners are fishing on the shore
11157.jpg,fit woman jogging in forest road on a sunny day
11158.jpg,person relaxes with person near his apartment .
11159.jpg,collect a variety of vintage tea cups and saucers .
11160.jpg,abstract image
11162.jpg,a picture of a cat named person
11164.jpg,the leading companies who provide all types of security met at the leading
11165.jpg,a city is never more beautiful than after a winter snow .
11166.jpg,happy mother with child have a fun on grass lawn
11167.jpg,a giant panda at the chinese municipality
11170.jpg,mucking around : person and pop artist became acquainted with the mascot as they got into the spirit of the day
11171.jpg,young smiling woman with the christmas tree and garlands on the background holding sparklers and holding a gift in her hands
11175.jpg,person on a white shirt
11176.jpg,the modern furniture with storage space saving cost and space
11177.jpg,person was photographed clasped the hand of her husband before laying her hand on his leg at thebased event
11179.jpg,pilgrims taking a holy dip
11180.jpg,on the eve of his 10th performance
11183.jpg,a speaker introduces a documentary in an art gallery on the quiet outskirts .
11185.jpg,a fashion look featuring glamorous tops
11187.jpg,rate the girls & guys photos to decide who should go and who should stay .
11189.jpg,stewards try to keep order as fans spill onto the pitch in the second - half
11190.jpg,spring forest on a sunny day
11191.jpg,aerial view of a village in winter
11192.jpg,bright light coming from the forest toward a lighted tent
11193.jpg,stacked concrete pipes on a construction site
11194.jpg,vendor selling fish in a big pan
11195.jpg,big crowds and small waves showed up for the 32nd annual
11197.jpg,golfers on the putting green
11198.jpg,hidden gem this covered bridge is literally yet most people
11199.jpg,try this recipe by chef .
11201.jpg,double rainbow over view ... photo sharing website
11202.jpg,australian local government area to walk
11205.jpg,a group of nurses observing a solar eclipse .
11207.jpg,image detail for - all items home where every little girl is a princess
11209.jpg,baroque style gets to warm and romantic touch to the spaces with pure minimalism .
11210.jpg,i drive over stuff - a pretty cool jeep
11212.jpg,this cool design really caught my eye and i want mine to be as creative as this one .
11213.jpg,the fall of realistic spheres .
11214.jpg,people in a queue to visit
11215.jpg,person on synagogue on the fence
11218.jpg,beauty trends that were everywhere at the oscars
11220.jpg,sunrise through transparent curtains of a window in the morning
11221.jpg,image result for teenagers reading in the summer
11222.jpg,a female bison with her calf cross the road while grazing
11224.jpg,tennis player and actor talk during show during spring .
11225.jpg,industry in a small mountain village
11226.jpg,group of people in a field
11227.jpg,black swans near a pond
11228.jpg,beach is a beach that slopes into the water or in the hilly areas of shallow water .
11229.jpg,green unripe bananas on a tree
11230.jpg,rotating lights as a background
11231.jpg,devotion of monk on the street
11234.jpg,steal of a deal : % off and buy get one free on selected transformers
11235.jpg,the - foot tree that stands on the corners of avenues was donated by the family .
11236.jpg,ways to care for a stray kitten
11238.jpg,person shares a special laugh with her cousins moments before the wedding .
11241.jpg,sunday funday : person
11242.jpg,last year you could see lots of vintage guitars - not this year
11243.jpg,girls sitting in a cafe
11244.jpg,dangerous times : barriers have been put up
11245.jpg,the rotating antenna of the radar on the background of blue sky with white clouds
11247.jpg,commission of a horse i painted last year .
11248.jpg,hard rock artist of the rock band perform onstage
11250.jpg,silhouettes of snow - covered mountains against the orange sunset sky
11252.jpg,revolving restaurant on the top floor of the hotel
11253.jpg,weight loss of a young woman from fat to slim .
11255.jpg,the man concentrates on the ball during a golf
11257.jpg,person trying to squeeze into a metro train
11258.jpg,is also home to a number of petting goats .
11259.jpg,competitor readies for her lift
11262.jpg,a helicopter checks out electricity pylons
11263.jpg,time to seal the deal !
11264.jpg,black stripe with gold border on the dark background .
11265.jpg,set of accessories for the bike .
11266.jpg,i 've # fallen for us state .
11267.jpg,mother and baby son in a camper van
11269.jpg,a logo sign outside of a car dealership
11270.jpg,blue present with a bow
11273.jpg,person leaves the field during the warm up with a cut to his forehead during the champions
11274.jpg,new years is coming concept
11276.jpg,new year tree decorated with toys
11278.jpg,volunteering where 's person ? a travel and adventure lifestyle blog
11279.jpg,a car approaches in the early morning light down an avenue of oak trees .
11281.jpg,i felt the weird power at art exhibit .
11284.jpg,look especially at the building fitting into a narrow corner in the background !
11286.jpg,a walk in the park : appeared to be enjoying their stroll through filming location on saturday
11287.jpg,a young foal resting in long grass .
11288.jpg,woman a view of the sea
11289.jpg,a satellite dish sits before a colorful sky .
11290.jpg,things we learned from the father of the political cartoon
11292.jpg,young couple are sitting on the pier by the sea
11294.jpg,a little boy with donuts over his eyes .
11296.jpg,cars wait for a freight train to pass .
11297.jpg,light shining into a dark room through an open door ; north
11298.jpg,setting tents in the wind and sand
11299.jpg,baby nursery diy gray furniture once upon a time bedding lily the giraffe
11300.jpg,dark hotel lobby with rooms on both sides of the corridor taken in a 70 's designed hotel .
11301.jpg,add a little whimsy to your fall decor with a googly - eyed pumpkin .
11302.jpg,ancient residence of view from inside the palace with water filled canal and reflections
11303.jpg,is hand - painted
11304.jpg,padlock in a printed circuit
11305.jpg,lanes closed after lorry carrying a tractor strikes a bridge
11306.jpg,cup of tea in a cafe
11309.jpg,tourists visiting and fortress on the banks
11310.jpg,glowing little lights hanging on a string
11311.jpg,members of the ancient community carry a sheep
11312.jpg,double exposure portrait of a businessman
11313.jpg,author
11314.jpg,fair
11315.jpg,how jersey has progressed over the years
11319.jpg,actor during premiere - after party .
11320.jpg,tennis player
11321.jpg,photo of a parrot sitting in a cage
