names,gen,real
11303,a man of a man,['is hand - painted ']
10205,a man of a man,['this was everywhere ... slowly floating down the river towards bay .']
11267,a man of a man,['mother and baby son in a camper van']
10362,a man of a man,['flowers in a park with people blurred in background against setting sun']
11265,a man of a white background,['set of accessories for the bike .']
10973,a man of a man of a background,['reminds me of my dog when she arrived home from the neighbours carrying a container of cottage cheese she stole']
10971,a man of a man,['themes at a fashion show']
10746,a man of a man with a background,['automobile model : the only new car for less than £ 1700']
10440,a man of a man,['the track took us along the side of the valley']
10213,a man of a man,['i tend to play this album in my studio .']
10071,a man of a man with a background,['did you know the skin releases gallons of water in hot weather ? refresh it !']
10003,a man of a man,['court during a volleyball game']
10105,a man of a man with a background,['welcome travel flat vector illustration .']
10483,a man of a man,['stadium coming alive on game day !']
11171,a man of a man,['young smiling woman with the christmas tree and garlands on the background holding sparklers and holding a gift in her hands']
11310,a man of a man,['glowing little lights hanging on a string']
11121,a man of a man,['measured for a new roof']
10119,a man of a man with a white,['white paper christmas tree on a red matte background .']
10864,a man of a man of a background,['a field guide to the reptiles']
10066,a man of a man with a background,['if your horse gains weight a little too easily ']
10628,a man of a man,['ready to spend the night in a tree house ?']
10804,a man of a man,['abstract image of an antique sports car']
11001,a man of a man,['horses being shown before the race']
11157,a man of a man with a white,['fit woman jogging in forest road on a sunny day']
10859,a man of a man,['a wanderlust - inspired alternative industrial wedding']
10198,a man of a man,['cartoon of a blonde woman on the beach .']
10426,a man of a man,['set of the tire tracks of the tractor isolated elements .']
11022,a man of a man of a background,['a horse and jockey ride on the track']
10578,a man of a man,['view facing approximately southwest ']
10687,a man of a man,['person in the vector illustration .']
10117,a man of a man,['wooden pallets being transported on a van']
10719,a man of a man with a background,['ideas for creating the ultimate home office']
10665,a man of a man,['i love a man in an uniform !']
10443,a man of a man,['photo of strawberries falling into water against a white background .']
10149,a man of a man with a white,['cooked meat on the bbq']
10407,a man of a man,['walking girl with phone on the road in black colors']
10569,a man of a man,['the letters s to z ']
11270,a man of a man,['blue present with a bow']
10401,a man of a man,['beautiful patina of colours around this old window .']
10553,a illustration of a man of a background,['digital art selected for the #']
10577,a man of a man,['drinking water from a spring']
10829,a man of a man with a white,['young girl batting in a softball game']
10242,a man of a man,['portrait of a peacock on the background of his tail .']
10977,a man of a man,['fresh grape and red wine on the vintage table ']
10028,a man of a man,['wish i could spend the extra money on these .']
10956,a man of a man,"[""the latest men 's designs from the label .""]"
11111,a man of a man,['in the pine forest ~ by peace activist']
10269,a man of a man,['these peanut butter blonde brownies are full of peanut butter ']
10190,a man of a man,['tiny green spotted gecko on pink wall']
10435,a man of a man,['bronze statue of politician ']
11043,a man of a man,['house in the mountains -- stock photo #']
10204,a man of a man,['stores under the bumper when not in use']
10326,a man of a man,['an illuminated sign promotes holiday']
10464,a man of a man,"[""tundra it 's found at the far northern parts .""]"
10246,a man of a man,['boulders and pebbles are visible through the clear waters .']
10764,a man of a man,['portrait of a happy red - haired girl']
10076,a man of a man,['wallpaper with a well dressed person titled trade journal magazine']
11284,a man of a man,['look especially at the building fitting into a narrow corner in the background !']
11079,a man of a man with a background,['person what a beautiful shot with person slightly out of focus but present in this moment']
11117,a man of a man,['grass should be completely dry for the ideal fire .']
11253,a man of a man with a white,['weight loss of a young woman from fat to slim .']
11218,a man of a man,['beauty trends that were everywhere at the oscars']
10452,a man of a man with a white,['person with a member of the team']
10060,a man of a man,['the first bar officially opened on sunday after a soft opening .']
10143,a man of a man,['sunset above a city with airplane taking off']
10498,a man of a man,['video : these are some of the weirdest ships in the world']
10957,a man of a man,['model in a dramatic dress ']
10715,a man of a man with a white,['bride and guests outside the church after the wedding ceremony']
10374,a man of a man,['the team after their win over # ranked filming location .']
10645,a man of a man,['woman pours a seasoning for eggs']
11114,a man of a man,['a good day on the beach']
10621,a man of a man,['three among hundreds of posters on display .']
10308,a man of a man,['a close up on the map of fictional setting']
11029,a man of a man,['family enjoying the living room of their home']
11213,a man of a man,['the fall of realistic spheres .']
10135,a man of a man,['football player talks to players at a training session']
11041,a man of a man,['woman tourist in hat relaxing on the green grass around mountains under sunlight on sunny day under sky with clouds']
10475,a man of a man with a background,['angel of the sea by people']
10273,a man of a man,['old retro camera ']
10763,a man of a man with a white,['fireworks and lights are seen during the inauguration ceremony at the stadium .']
11036,a man of a man,['woman in a black bathing suit and a hat sitting on the edge of the pool looking at the sea']
11273,a man of a man,['person leaves the field during the warm up with a cut to his forehead during the champions']
11105,a man of a man,['food is the perfect fall appetizer .']
10762,a man of a man,['giant tombs carved into the rocks']
10789,a man of a man,['coffee next to a bouquet of flowers']
10776,a man of a man with a background,['putting a brave face on : the couple with person shortly before they announced their split']
11320,a man of a man,['tennis player ']
10886,a man of a man,['father and child feed the pigeons and geese']
10713,a man of a man,['football player scores the first goal by penalty kick during the final match']
10536,a man of a man,['country holds posters of politician during a protest .']
10305,a man of a man,['a busker inflating balloons at the waterfront of the city also known as a city']
11113,a man of a man with a background,['zombies in a town sitting and walking']
11209,a man of a man,['baroque style gets to warm and romantic touch to the spaces with pure minimalism .']
10035,a man of a man,['an old drawing of mine']
10474,a man of a man,['the kites flown at festival turned the sky into a kaleidoscope of color .']
10685,a man of a man,['man standing on a remote cliff']
10753,a man of a man,"[""crowds of people pack streets after the new year 's eve fireworks .""]"
10339,a man of a man with a background,['olympic athlete plays basketball with deaf children during an event .']
10941,a man of a man,['a colorful hot - air balloon being inflated in the distance']
10648,a man of a man,['can of cola on a white background royalty free stock illustrations']
10689,a man of a man,['soldiers order a girl from her home before they enter']
10966,a man of a man with a background,['drives into the lane for a basket']
10867,a man of a man with a white,['pop artist debuted the first close - up picture of her beautiful baby boy on a magazine cover with professional boxer -- see the pic !']
11248,a man of a man,['hard rock artist of the rock band perform onstage']
11055,a man of a man with a background,['person ']
11221,a man of a man with a white,['image result for teenagers reading in the summer']
10331,a man of a man,['knitted bunny from a single square .']
10468,a man of a man,['thing about this facial hair setup ']
10778,a man of a man,['workers place the tree on its base .']
10694,a man of a man,['the view from left eye']
11313,a man of a man,['author ']
11229,a man of a man with a background,['green unripe bananas on a tree']
10671,a man of a man of a background,['image titled judge the condition']
10994,a man of a man with a white,['actor will try this in summer .']
10591,a man of a man of a background,['members sit stationed outside a home on the block tuesday with reports of a man barricaded inside .']
10659,a man of a man,['the girl with blue hair on the background of stars']
10064,a man of a man and a white,['fishes in an aquarium on animal']
10964,a man of a man,['tattoo done by person from end']
11276,a man of a man,['new year tree decorated with toys ']
10427,a man of a man with a white background,['after the workout : later on the same day ']
10405,a man of a man,['a tabular iceberg against a pink sunset .']
10302,a man of a man of a background,['a pile of rusty iron pipes and other metal scrap']
10738,a man of a man,['burger restaurant on a branch']
10710,a man of a man,['students walking down the sidewalk']
10167,a man of a man,['beautiful pregnant woman in the park']
10055,a man of a man,['happy mixed ethnicity group of friends and family playing sports and having fun in the garden on a summer day .']
11098,a man of a man,['the waterfall just below the steps']
10079,a man of a man,['sunset by the street ']
10809,a man of a man,['country pop artist during awards held']
10294,a man of a man,['flower delivery to the office .']
10792,a man of a man,['actor attends the premiere held during festival .']
10728,a man of a man,['organic carrots at the farmers market']
11015,a man of a man,['an elevated view of people swimming in the clear turquoise waters']
10727,a man of a man,['i really really want this shirt .']
10026,a man of a man,['sending in day for sculpture at the academy .']
10812,a man of a man,['street scene with the statue of statesman']
11298,a man of a man,['setting tents in the wind and sand']
10731,a man of a man of a background,"[""cars fill up at a station just before percent of the state - owned firm 's stations were privatised .""]"
10518,a man of a man with a white,"[""it 's a beautiful friday from our boutique !""]"
11243,a man of a man,['girls sitting in a cafe ']
10874,a man of a man,['just like bricks make up a brick house ']
10113,a man of a man,['buy football team smoked light from the online shop']
11089,a man of a man,['gargoyles and other ornate carved stonework outside italian comune']
11158,a man of a man,['person relaxes with person near his apartment .']
10702,a man of a man,"[""village after fresh snow on a clear winter 's day""]"
11189,a man of a man,['stewards try to keep order as fans spill onto the pitch in the second - half']
10511,a man of a man,['actor on the set of romantic comedy film directed and produced by film director']
11014,a man of a man,['white cigarettes in a row']
10004,a man of a man,['creative fan - made movie posters as good or better than the real thing ?']
10711,a man of a man,['a combine harvester works a barley field .']
10466,a man of a man,['female walking along a wooded path']
10438,a man of a man,['my sister had a ragged doll and we were scared to death of her .']
10013,a man of a man,['hand drawn head of hen ']
10560,a man of a man,['industry for women ... those sleeves ! <3']
10136,a man of a man with a background,['biggest fly in the world - photo #']
10193,a man of a man,['person had an after winning award category']
10310,a man of a man,['presence of the gray squirrel in a park']
10268,a man of a man,['doors open to those who knock']
11205,a man of a man with a background,['a group of nurses observing a solar eclipse .']
10541,a man of a man,['the duke goes in goal as he hosts a reception for the football team']
10680,a man of a man,['biological species foraging for food in the sow']
10741,a man of a man,['person is a print trim classic full - zip hoodie with a contrasting print lined hood made from iconic fabric which is exclusive']
10488,a man of a man,['person proudly showcasing his poster .']
11025,a man of a man,['maxi dress stylish maxi dress ']
10599,a man of a man with a white,['olympic athlete at medal ceremony']
10429,a man of a man,['person patting horse before a ride .']
10824,a man of a man,['image result for what to wear with a light blue and pink tie']
10364,a man of a man,['stop sign in the snow - sd']
10682,a man of a man,['film director poses for pictures as arrives for the event .']
10827,a man of a man,['a sunday morning goalkeeper is seen']
10382,a man of a man with a background,['cover art for the release .']
10769,a man of a man,['trees just beginning to blossom']
10099,a man of a man,['man in bathrobe lying on a lounge next to pool']
10456,a man of a man,['surfer on beach with surfboard by the sea']
10175,a man of a man,['live ducks ']
11130,a man of a man,['puppy is laying on a couch and looking to the right']
11192,a man of a man,['bright light coming from the forest toward a lighted tent']
11150,a man of a man,['actor attends the premiere of episode']
10562,a man of a man with a background,['mommy and me starlet sported a pair of tight black skinny jeans which featured small silver zippers near her trim waistline']
10253,a man of a man,['condominiums just a short walk .']
11145,a man of a man,['custom made hippie lace collage gown one of a kind with sleeve']
10880,a man of a man,['were pretty excited to see snow !']
11269,a man of a man,['a logo sign outside of a car dealership']
10104,a man of a man,['actor and his wife at festival']
11127,a man of a man,['innovation is ugly : true invention requires that we push away from our comfort zone .']
10508,a man of a man,['a square orientation of hundreds of trees are covered with colorful christmas lights and reflected on the surface']
10261,a man of a man with a white,['a young couple relax on vacation on a gondola ride']
10449,a man of a man,['yellow fish in a transparent container with water .']
10699,a man of a man,['person is playing with the chain']
10887,a man of a man,['a showcase of dreamy gowns inspired by purple dress']
10766,a man of a man,['tv personality arrives for the world premiere of drama film']
10582,a man of a man,['all saints church and the town']
10660,a man of a man,['football coach addresses the media on day']
10410,a man of a man,['young woman watching the sea with hands up']
10492,a man of a man,['silhouette of black street lamp on the white background .']
10663,a man of a man,['christmas chic : the tv personality donned a cosy western christian holiday - inspired knit sweater with skinny jeans']
10140,a man of a man of a background,['locate the card on the motherboard .']
11069,a man of a man,['the sand dunes of the desert']
10444,a man of a man,['airline : meters from the gate to the aircraft']
10127,a man of a man,['happy little girl learns how to ride a bike in the park .']
10841,a man of a man,['moving clouds before the full moon ']
11093,a man of a man,['national flag on a flagpole']
10218,a man of a man,['hand putting golden coins on a wooden table']
11236,a man of a man,['ways to care for a stray kitten']
10993,a man of a man,['a surfer gets some air time saturday .']
10354,a man of a man,['yacht floating in the sea']
10807,a man of a man,['vintage style image of city contrasts on the textured old paper background .']
10010,a man of a man,['aerial flyover of a farm']
10601,a man of a man,['tourists queuing for the ferry']
10187,a man of a man,['actors arrive at awards held']
10634,a man of a man with a background,['fans hope for a comeback .']
10908,a man of a man,['first mackerel of the year']
10928,a man of a man of a background,['breakfast was a showcase of finest meats and cheeses']
10394,a man of a man,['everyone says how much they love accents ']
10131,a man of a man,['dyed denim brings a refreshing twist to this washed - out pencil skirt .']
10328,a man of a man of a background,"[""if you 're heading to the beach today ""]"
11097,a man of a man,['what should be my blood pressure as a man of 50 ?']
10729,a man of a man,['astronaut ']
11245,a man of a man,['the rotating antenna of the radar on the background of blue sky with white clouds']
10954,a man of a man with a white,['picture of a girl who practices yoga']
10318,a man of a man,['woman tourist with camera on the street under sunlight and blue sky .']
11242,a man of a man,['last year you could see lots of vintage guitars - not this year']
10892,a man of a man,['a constructed reef in the shape of a crate']
10301,a man of a man of a white,['illustration of a girl doing yoga']
11230,a man of a man,['rotating lights as a background ']
10602,a man of a man,['garden with a view : people made the most of their views when constructing their garden .']
10232,a man of a man with a background,['person negotiating the water on his bike']
11058,a man of a man with a background,['funny animals of the week ']
11094,a man of a man with a background,['home on the muddy shores']
10267,a man of a man,['buildings and sculptures of letters']
11247,a man of a man,['commission of a horse i painted last year .']
10740,a man of a man,['english gothic structure in the late afternoon']
11160,a man of a man,['abstract image ']
10223,a man of a man with a background,['wallpaper probably containing a living room and a family room entitled person']
11234,a man of a man,['steal of a deal : % off and buy get one free on selected transformers']
10677,a man of a man,"[""the world 's thinnest wallet designed for front pocket""]"
10155,a man of a man,['railway bridge on the background of mountains and rain clouds']
11286,a man of a man,['a walk in the park : appeared to be enjoying their stroll through filming location on saturday']
10542,a man of a man,['going up : a construction worker looks out the windows of the 71st floor as a beam is lifted up by a cable']
10988,a man of a man,"[""navigating one of the season 's first heavy rains .""]"
10152,a man of a man,['person drags a simulated victim to safety during an event']
10479,a man of a man,['every time i close my eyes ']
10044,a man of a man,['trees with a bright flowers']
10146,a man of a man,['looking for a bed frame']
10938,a man of a man of a background,['the art : a celebration of educational concept']
10054,a man of a man with a background,['person slides into home plate moments before person can tag him out during a game .']
11118,a man of a man,['racing car sits in the pits']
10985,a man of a man with a white background,['this shirt is a must have .']
10039,a man of a man,['ornament on the front of gondola']
10150,a man of a man,['cowboy talking on a cell phone at person in a city']
11309,a man of a man,['tourists visiting and fortress on the banks']
10370,a man of a man of a white,['troubled businessman sitting on a sofa and holding his head between hands']
10545,a man of a man,['government office ']
10970,a man of a man,['rock artist as an old man during production of his latest film']
10061,a man of a man,['a red trolley was abandoned on the grass in the park']
10691,a man of a man,['reflections of boats and palms']
10784,a man of a man,['medium shot of young man wipe his glasses next to the window in the kitchen']
11255,a man of a man,['the man concentrates on the ball during a golf']
11252,a man of a man,['revolving restaurant on the top floor of the hotel']
10180,a man of a man,['new style blue mother of the bride dress with long sleeves']
11119,a man of a man,['top level grouped product with links to products in the group']
10148,a man of a man,['private cabins - for the most important guests ']
10122,a man of a man,['how to stencil a solid pattern on a wall']
10870,a man of a man of a background,['actor attends the premiere during festival']
11274,a man of a man,['new years is coming concept ']
10376,a man of a man,['bright idea : baseball player put a backlit image on the garage door of his home .']
10024,a man of a man,['tempered ']
10815,a man of a man,['a more modern spin on the same dorm and tree']
10658,a man of a man,['chess pieces on a chessboard with figurines']
10085,a man of a man,['rear view of a skateboarder on the street']
10436,a man of a man,['looking down from one of the narrow streets leading .']
10295,a man of a man,['the first tank on white']
11287,a man of a man,['a young foal resting in long grass .']
10358,a man of a man of a background,['people have some fun on their wedding day - this photo is from a city']
10607,a man of a man,['profession cuts the hair of the client with scissors']
10571,a man of a man,['4k happy women outside cafe hold up a sign to show they are open']
11225,a man of a man with a background,['industry in a small mountain village']
10703,a man of a man,['bright christmas gifts on a white background .']
10385,a man of a man,['when the dogs are not working sheep ']
10695,a man of a man,['party it up at your baby shower with these cute pink ']
10446,a man of a man of a white,['greeting card featuring fictional character by person']
10507,a man of a man,['people watch as balloons fly above the capital city during festival .']
10487,a man of a man of a white,['person ']
10423,a man of a man,['open palm isolated on a white background .']
10795,a man of a man,['the funniest signs we saw']
11159,a man of a man with a background,['collect a variety of vintage tea cups and saucers .']
10056,a man of a man,['a soft toy sat on the wall with a blue sky background']
11035,a man of a man,['long freight train hauled by a powerful diesel locomotive']
10412,a man of a man,['example of a trendy living room design with white walls and a ribbon fireplace']
10595,a man of a man,['glass of red wine at vineyard']
11167,a man of a man,['a giant panda at the chinese municipality']
11315,a man of a man,['how jersey has progressed over the years']
10345,a man of a man,['a custom - made screen divides this open concept master bathroom that features a gorgeous stone tub and a tailored chandelier .']
10241,a man of a man,['the boy was left standing confused on the lawn as they waited for an ambulance to arrive']
10078,a man of a man with a background,['foreshadowing write a descriptive passage explaining what is creepy about this house']
11099,a man of a man,['person performs during music festival']
11124,a man of a man,['need for speed : actor ']
10174,a man of a man with a background,['an illustration of the backyard .']
10991,a man of a man with a background,['person is averaging a career - high receiving yards per game .']
10461,a man of a man,['baseball player on the field before a game']
10458,a man of a man,['people enjoying live music during festival which took place']
10888,a man of a man,['border fence in the sand dunes near the west']
10009,a man of a man,['embroidery colorful floral seamless pattern with poppies and lilies of the valley .']
10768,a man of a man,['fresh fruit for sale in a street market']
11040,a man of a man,['gothic structure at night ']
10393,a man of a man,['girl in white clothes holds a basket of decorations']
11304,a man of a man with a background,['padlock in a printed circuit ']
11292,a man of a man with a background,['young couple are sitting on the pier by the sea']
10120,a man of a man with a background,['the dog was playing in the snow .']
10428,a man of a man with a white,"[""person sails to a beach at reserve from his uncle 's camp across the lake .""]"
11164,a man of a man with a background,['the leading companies who provide all types of security met at the leading']
11141,a man of a man,['a packed crowd on the first day of festival today']
10770,a man of a man,['food is made with a creamy mixture of milk chocolate ']
10144,a man of a man,['snow covered bicycles parked in a row']
10900,a man of a man,['young caucasian boy having fun playing at the playground']
10912,a man of a man,['heads up : person climbs to nod the ball past person as animal make a positive start']
11142,a man of a man,['drops of water on the glass']
10020,a man of a man with a background,['one of the favorite street food for many']
11264,a man of a man of a background,['black stripe with gold border on the dark background .']
10199,a man of a man,['people wait on the street to see day parade in city centre']
11296,a man of a man,['cars wait for a freight train to pass .']
11212,a man of a man,['this cool design really caught my eye and i want mine to be as creative as this one .']
11062,a man of a man,['pink flower in a black background .']
11241,a man of a man,['sunday funday : person ']
10288,a man of a man,['racecar driver takes the ball during a training session']
11185,a man of a man,['a fashion look featuring glamorous tops ']
11053,a man of a man of a white,['lady with sunglasses is helping her dog to drink water from plastic container in a meadow']
10893,a man of a man,['military parade in the city .']
10570,a man of a man,['macro detail of water drops on a peacock feather taken']
11070,a man of a man with a white,['biological species enjoying the berries of a bush .']
10630,a man of a man,['actor contrasts her red hair with a blue dress']
10356,a man of a man,['group of hikers descending mountain range on the summit in person']
10279,a man of a man of a background,"[""business is proud to sponsor a local football team as they 're known to their fans .""]"
11227,a man of a man with a background,['black swans near a pond']
10528,a man of a man,['tourist attraction closed sign during the early summer months']
11138,a man of a man,['happy young fashion couple in love at the wall']
11262,a man of a man,['a helicopter checks out electricity pylons']
10454,a man of a man,['hard rock artist performs a live concert at festival .']
10137,a man of a man,['the sun is sitting on the horizon ']
10450,a man of a man,['christmas in the woods by lawyer']
10758,a man of a man,['apartment near my laundromat ; looks like a tree purchased .']
10948,a man of a man,"[""there 's nothing like dressing up the plants .""]"
10048,a man of a man,['a sign for a city .']
10453,a man of a man,['actor attends the premiere at theater']
10014,a man of a man,['alone boy throw rocks in the lake water']
11244,a man of a man with a white,['dangerous times : barriers have been put up ']
11266,a man of a man,"[""i 've # fallen for us state .""]"
10656,a man of a man of a background,['our chief leads us on the beach']
10772,a man of a man,['a mini chest of drawers']
10195,a man of a man,['actor - mixed media - 28x40 inches - original art by person']
10229,a man of a man,['a girl reading by the riverbank']
10517,a man of a man,['person by person i discovered this painting while i was researching our most recent collection and then had the opportunity to acquire it .']
11207,a man of a man,['image detail for - all items home where every little girl is a princess']
10549,a man of a man with a background,['everybody has those days where f * s are given .']
11238,a man of a man,['person shares a special laugh with her cousins moments before the wedding .']
10069,a man of a man,['silhouettes of different antenna on the roof at background sunrise sun on sky']
11080,a man of a man,['waves crash against the shore along the sea']
10360,a man of a man,['a boy lets blood from her feet and hands drip down']
10391,a man of a man with a background,['social wasp isolated on the flower .']
10340,a man of a man,['our second double room situated at the rear of the building']
11106,a man of a man,['the organization moved to a temporary location near the intersection of roads in april while the main building undergoes $14.4 million in renovations .']
11060,a man of a man,['a chocolate - colored watch with scratch - proof mineral glass and precision movement .']
10366,a man of a man,['the room - huge tub with jets and even bigger shower']
10588,a man of a man,"[""biological species and flowers at a field 's edge""]"
10212,a man of a man,['flag on the ball isolated on white photo']
10931,a man of a man,['a model walks the runway during organization leader as a part of spring .']
10451,a man of a man,['home of the prime minister']
10901,a man of a man of a background,['bright butterfly on a flower ']
10983,a man of a man with a white,['simple style : wore her loose top tucked into the waistband of her jeans']
10053,a man of a man,['looking good on the southbound return as it passes lake .']
10526,a man of a man,"[""how 's this for a cool bag ? it fits full size bottles of wine in !""]"
10287,a man of a man,['a sunflower stands tall in the afternoon sun along with a bee']
10633,a man of a man,['the island of island ']
10124,a man of a man,['beekeeper working in a spring season']
10231,a man of a man,['man standing on the street']
10351,a man of a man,['an origami model of politician on hobby .']
10683,a man of a man,['in this photo taken the sun rises behind wind turbines .']
10469,a man of a man,['half underwater close up ']
10504,a man of a man with a background,['sassy wedge sandal with knot detailing and an adjustable strap for a secure fit .']
10019,a man of a man with a white,"[""opened parcel with a child 's toy isolated on white""]"
10661,a man of a man,['dog looking out the window']
10011,a man of a man,"[""country artist had been chosen to belt out the anthem at thursday night 's game""]"
10130,a man of a man,['view of silhouette built structures against the sky']
11170,a man of a man with a background,['mucking around : person and pop artist became acquainted with the mascot as they got into the spirit of the day']
10083,a man of a man,['people had a stunning emerald green wedding at a private residence .']
10418,a man of a man,['purple - blue bell flowers ofbiological genus hang from tall stems in a midsummer garden']
10248,a man of a man,['building a screened in porch']
10806,a man of a man,['moving and packing the essentials - checklist of supplies : toaster ']
11299,a man of a man,['baby nursery diy gray furniture once upon a time bedding lily the giraffe']
10760,a man of a man,['illustration of a guy and a girl']
10686,a man of a man with a white,['the family of person have penned a heartbreaking letter marking western christian holiday since his disappearance']
10734,a man of a man,['pop artist arrives at awards']
10529,a man of a man,['local people of the town carrying out a celebratory ritualistic procession to ask for good harvest for the monsoon season']
10937,a man of a man with a background,['what is up with barbie these days ?']
10512,a man of a man,['a gentle flower of marigold with a green bug inside']
10262,a man of a man,['politician hugging dog as politician looks on fondly and secret servicemen hover on the lawn .']
10709,a man of a man,['harvest of vegetables in a wicker basket']
10210,a man of a man,['abstract illustration with compass and world map in the foreground']
11294,a man of a man,['a little boy with donuts over his eyes .']
10372,a man of a man,['boat tied to a tree on the river']
10334,a man of a man,['a plant and laden with flowers']
10161,a man of a man,['dining area which have chairs ']
10950,a man of a man,['businessman with smartphone by the city street']
10716,a man of a man,['flag waving in the wind']
11193,a man of a man,['stacked concrete pipes on a construction site']
10982,a man of a man,['female hands holding a mug with tea']
10297,a man of a man,['garment ']
10459,a man of a man,['pop artist performs on stage at the beginning of his concert .']
10503,a man of a man,['dressed up orthodox children climbing a wall on day']
10857,a man of a man with a background,['there are worse things in life than being called a lady . actor']
10467,a man of a man,['aircraft line or helicopters of air force flying over a mosque']
10642,a man of a man,['close up of a girl in headphones makes workout on the nature']
10953,a man of a man,['laughing family of four in a park']
10191,a man of a man,['young horse on green grass of the meadow']
10620,a man of a man,['buildings that transformed cities around the style']
10346,a man of a man,['a technical diagram labeling the various parts of a window .']
10831,a man of a man,['artist of artist performs in concert']
10853,a man of a man,['person and child actor attend awards']
11190,a man of a man,['spring forest on a sunny day']
10919,a man of a man,['ice hockey player looks on after a game']
11301,a man of a man,['add a little whimsy to your fall decor with a googly - eyed pumpkin .']
10499,a man of a man with a background,['old man with a heart attack royalty - free']
10209,a man of a man with a background,['i love the art on this poster .']
10790,a man of a man,['retail business is totally turning up the brightness this spring .']
10350,a player of a man with a background,['a light weight piece broad bangle set in 22k hallmarked gold .']
10704,a man of a man,['a distant view of the pyramids']
11175,a man of a man,['person on a white shirt']
11194,a man of a man with a background,['vendor selling fish in a big pan']
11199,a man of a man,['try this recipe by chef .']
10309,a man of a man,['a man hiking a hill']
10091,a man of a man with a white,['joyful asian male dressed in shirt in a cage and wearing glasses using laptop at the library and listen to music while drinking coffee .']
10485,a man of a man with a white,['ancient arch in the city centre']
10025,a man of a man of a white,"[""major armadillo - write essay which makes heavy use of middle quotes become paranoid that they 're misspelt""]"
10720,a man of a man with a background,"[""i 'd start hiking if this is what i would see at the top""]"
10240,a man of a man with a background,['person ']
10904,a man of a man with a background,['a vector illustration of happy kids in a yoga class']
10698,a man of a man with a background,['detail shot of the front of a tram']
10278,a man of a man,['the fireplace surround is just one of the things covered on the tour !']
10029,a man of a man with a white,['flowers floating in a vase']
10106,a man of a man,['folk rock artist and rock artist perform on stage']
10890,a man of a man,"[""the living room with it 's faux logs blazing up close .""]"
10417,a man of a man,['noble person visited a city on wednesday .']
10320,a man of a man,['bedrooms with views towards the castle']
10989,a man of a man,['investigate your options for a porch']
10530,a man of a man,['a young boy swimming in the sea']
10359,a man of a man,['there is a new bespectacled post up on my blog !']
10103,a man of a man,['in bloom : prices for the dresses ']
10129,a man of a man of a background,['around the world in music by person']
11257,a man of a man of a background,['person trying to squeeze into a metro train']
11231,a man of a man with a white,['devotion of monk on the street']
10182,a man of a man with a background,['hybrid set - up : couples a supercharged - cylinder engine with a 15kw electric motor .']
10537,a man of a man with a white,['person made this beautiful version from my pattern .']
10825,a man of a man,['colorful row of shuttered windows of townhouses']
10274,a man of a man,['pop artist seen looking lovely in white award - red carpet']
10667,a man of a man,['low angle wide shot of a motorcycle riding away from camera .']
10960,a man of a man,['me and my better half at an event']
10830,a man of a man,['smile ']
10706,a man of a man,['the imposing minarets by person']
10821,a man of a man,['living room with pull out sofa .']
10799,a man of a man,['think of putting these on the back of my legs']
10592,a man of a man,['trucks passing by over a city']
10315,a man of a man,['fashion model in tights and garment leaving the gym']
10522,a man of a man with a background,['playing chess on a giant sized board']
10260,a man of a man,['tutorial / add an athletic skirt to the leggings']
10040,a man of a man,['real estate business can be replaced with real estate business & dba logo at no charge']
10846,a man of a man,['festival will be held and will provide color to the streets .']
11250,a man of a man,['silhouettes of snow - covered mountains against the orange sunset sky']
10722,a man of a man with a white background,['image of white country house on a plot']
10737,a man of a man,['the beautiful water reflection in the forest']
10142,a man of a man,['sailing into the sunset aluminum license plate']
11202,a man of a man,['australian local government area to walk']
11279,a man of a man,['a car approaches in the early morning light down an avenue of oak trees .']
11177,a man of a man with a white,['person was photographed clasped the hand of her husband before laying her hand on his leg at thebased event']
11126,a man of a man,['fruit and vegetables are sold at the local market']
10128,a man of a man,['actors attend the black carpet secret screening of black comedy film .']
10679,a man of a man of a white,['the scientific study of interactions among organisms and their environments what is ecology .']
10153,a man of a man,['grocery stores business currently under construction .']
11162,a man of a man,['a picture of a cat named person']
10513,a man of a man,['pairs of used shoes in a hallway']
10608,a man of a man,['tattoo by bus ']
10785,a man of a man,['these carrots looked a lot less orange without the flash .']
10594,a man of a man with a white,['up the movie inspired wedding photo']
10819,a man of a man,['penguins lie in the shade among the roots of gnarled trees']
10047,a man of a man,['person faced the media for the first time since his appointment earlier this week']
10088,a man of a man,"[""it 's looks like a happy house !""]"
10387,a man of a man,['giant floated pineapple on the beach with an ocean view']
10547,a man of a man,['middle aged man leaning on a graffiti wall in the city']
10086,a man of a man,['at sundown ']
11024,a man of a man,['the bell tower in island royalty - free']
11220,a man of a man and a white,['sunrise through transparent curtains of a window in the morning']
10478,a man of a man,['siamese cat sitting on the ground of the park']
10265,a man of a man,['a couple on a honeymoon relaxing in the swimming pool']
11311,a man of a man with a background,['members of the ancient community carry a sheep']
10903,a man of a man,['officers taking part in the parade through center']
10138,a man of a man,['relief from within greek revival structure']
10312,a man of a man,['football player attends the press conference .']
10868,a man of a man,['newly hatched mantis in my garden .']
10243,a man of a man,['new never - seen before colour illustrations for some critters']
10949,a man of a man,['coffee mug and beans on the wooden rustic table .']
10834,a man of a man of a white,['set of images on a blurred background vector art illustration']
10214,a man of a man,['actor attends the world premiere']
10270,a man of a man,['sign hand painted with flag over the flag ']
10972,a man of a man,['person ']
10854,a man of a man,['latin pop artist arrives at award category latin pop artist held']
10675,a man of a man,"[""athlete on the podium after sunday 's race""]"
10546,a man of a man,['industry is sawing tree using chainsaw in the forest']
10598,a man of a man,['after the storm © person']
10690,a man of a man with a background,['mothers presenting the rings during the wedding ceremony']
10361,a man of a man,['young positive man shows the way for female tourist']
10596,a man of a man,['system installed in the middle of luxury living room with sunset view']
11179,a man of a man,['pilgrims taking a holy dip']
11107,a man of a man,['if anyone is still looking for that last minute gift ']
10565,a man of a man,['stationary establishing shot of a vineyard with a dirt road and large oak tree in the foreground .']
10668,a man of a man,['basketball player was a fashion pioneer ']
10226,a man of a man,['actor sitting on a couch in blue dress']
11215,a man of a man,['person on synagogue on the fence']
10311,a man of a man with a white,['a golden labrador retriever looks at a rough collie dog']
11146,a man of a man,['under water in the sea and waving']
11201,a man of a man,['double rainbow over view ... photo sharing website']
10001,a man of a man,['pair of new bright orange modern sneakers isolated on a white background']
11319,a player of a man with a background,['actor during premiere - after party .']
10087,a man of a man,['the best new games on operating system software']
10889,a man of a man,['the crop hs arrived in the most lusted after trend this season ']
10816,a man of a man of a white,['faux finish and designs made for a huge residential ceiling']
10496,a man of a man,['pillows by person featuring the border by person and sons .']
11288,a man of a man,['woman a view of the sea']
10266,a man of a man,['pumpkins ']
10943,a man of a man,['one of early models for building function']
10222,a man of a man,['a set of colorful vector illustrations of elves .']
11198,a man of a man with a white,['hidden gem this covered bridge is literally yet most people ']
10433,a man of a man,['green kind alien in blue space suit laying in levitating chair relaxing with a glass of drink drawn in cartoon style']
10097,a player of a man of a background,['illustration of the national flag looking like it is painted onto a wall']
10896,a man of a man,['landscape with a winding road and a trail on mountains stock photo']
11073,a man of a man,['from the entryway ']
11143,a man of a man,['a supporter has his face painted with the logo']
10189,a man of a man,['fir tree useful as a background .']
10575,a man of a man,['in the studio : blog post ~ loom weaving hobby']
10590,a man of a man,['and a city were the cities deemed most risky to visit on a short break']
10783,a man of a man,['dog digging on the beach']
11078,a man of a man,['mom and daughter reading a book sitting on the couch']
11095,a man of a man,['elderly woman with gray hair looks at the camera']
11084,a man of a man with a background,['a teenage girl using a tablet computer']
10046,a man of a man,['flag flying outside stone wall .']
11312,a man of a man,['double exposure portrait of a businessman']
10777,a man of a man of a background,['a double decker open topped bus on the seafront']
10447,a man of a man of a white,['actor sits in a car with actor in a scene from the movie']
10093,a man of a man,['a chinese shrine in a car park']
10855,a man of a man,['pedestrians make their way through the snow storm']
10227,a man of a man,['country artist attends the awards']
10185,a man of a man,['young beautiful afro girl talking on smart phone while sitting on a stairway ']
11152,a man of a man,['happy friends celebrating christmas together with champagne at the local bar']
10593,a man of a man with a background,['a flag waves in the wind in this file photo .']
11183,a man of a man,['a speaker introduces a documentary in an art gallery on the quiet outskirts .']
10959,a man of a man,['the many faces of comic book character .']
11210,a man of a man,['i drive over stuff - a pretty cool jeep ']
10505,a man of a man,['digital art selected for the #']
10879,a man of a man,['a wooden bridge over a small mountain stream ']
10676,a man of a man,['tourists and locals takes part at an event in front of person during christmas time .']
10121,a man of a man with a background,['website category wanted a driveway so he would not have to keep parking his car on the road']
10317,a man of a man with a background,['corn and other produce at the supermarket']
10739,a man of a man of a white,['politician smiles while watching the entertainment']
10655,a man of a man,['the house of small fisher - farming folk .']
10881,a man of a man,['household and electronic mobile shop on the street']
10363,a man of a man with a background,['members of the community enjoying social network user .']
10534,a man of a man,['friends or teenage girl in sunglasses eating ice cream at the pool .']
11226,a man of a man,['group of people in a field']
10543,a man of a man,['automobile model driving on roads in the alps']
11061,a man of a man with a background,['vector silhouette of a vintage rural house']
10147,a man of a man,['graffiti on the old city walls']
10998,a man of a man,['which of the following foods might increase your chance of having twins ?']
11091,a man of a man,['making the all - important music video .']
11165,a man of a man,['a city is never more beautiful than after a winter snow .']
10619,a man of a man,['photograph of boats in the fog']
10771,a man of a man,['coming soon : person earlier this month shared a poster for his upcoming movie']
10325,a man of a man,['bus driver injured after striking a garbage truck and billboard']
10255,a man of a man,['the blue lagoon is example of a recipe with varying ingredients .']
11166,a man of a man,['happy mother with child have a fun on grass lawn']
10042,a man of a man,['pop artist on the stage with the band']
10489,a man of a man,['great house on a pretty block .']
11004,a man of a man,['person has been gifted the key to the city of person having returned to the place where he grew up on the back last month web design']
10196,a man of a man,['the artist must have spent plenty of time creating this half sleeve tattoo .']
10115,a man of a man,['a vintage controller photographed on a glass table surrounded by bowls of snacks taken']
10200,a man of a man,['what to know before visiting tourist attraction in hours ']
10276,a man of a man with a background,['the tree fell across the car port and home .']
10434,a man of a man,['this type of map shows the boundaries between different countries and their capitals .']
10163,a man of a man,['person : me on the couch in the sitting room .']
11306,a man of a man,['cup of tea in a cafe']
11148,a man of a man with a background,['person located -- the heart -- blocks away .']
10335,a man of a man,['water in a swimming pool with tiled floor']
10050,a man of a man,['head and shoulders photo of a model with a colourful tattoo on her shoulder']
10250,a man of a man with a background,['hanging dishes from the table for camp']
10754,a man of a man,['mural painting on the walls of a temple']
11154,a man of a man,['pensioners are fishing on the shore']
10049,a man of a man,"[""a good looking pair : the dance partner 's are arm in arm for another routine""]"
10873,a man of a man with a background,['football player and battle for the ball']
11278,a man of a man with a background,"[""volunteering where 's person ? a travel and adventure lifestyle blog""]"
10552,a man of a man,['the team on the summit .']
11129,a man of a man,['brutal man shakes his biceps in the gym']
10098,a man of a man,['receive the money you need in minutes or less !']
10074,a man of a man,['the official images of celebrity']
10610,a man of a man with a background,['introducing our award winners : skincare !']
10626,a man of a man,['the young teacher in glasses holding a pointer .']
10217,a man of a man,['sign in a garage over blue sky']
10332,a man of a man,['to help you live a healthier .']
10457,a man of a man,['purple flowers in a field moving camera']
10075,a man of a man,['digital art selected for the #']
11136,a man of a man,['colourful cocktail on the black background']
11263,a man of a man,['time to seal the deal !']
10839,a man of a man,['photo of the bride getting ready !']
10899,a man of a man with a background,['northern lights above rock pools on the coast or country']
10796,a man of a man with a background,['close up of a - vintage filtered look']
11259,a man of a man,['competitor readies for her lift']
10866,a man of a man,['a sketch by painting artist .']
10027,a man of a man,"[""artist 's concept of largest satellites laid out above the earth and it 's moon""]"
10649,a man of a man with a background,['celebrity warms up before facing sports team in the first period of a hockey game .']
10586,a man of a man of a background,['unraveling the importance of the protests']
10389,a man of a man,['coach calls to his players during the first quarter of a basketball game against sports team .']
10442,a man of a man,['all public waterways ? should have these .']
10414,a man of a man with a white,['all of the products we offer']
10955,a man of a man with a white,['boy praying on the western wall']
10430,a man of a man,['person and grant in front of the christmas tree']
10165,a man of a man,['handmade illustration of a snake']
10932,a man of a man,"[""lipstick is almost never a good look ... and let 's not even start talking about her eyebrows .""]"
11281,a man of a man,['i felt the weird power at art exhibit .']
10564,a man of a man with a background,['oil well with a pink sky at sunset time .']
10600,a man of a man,['geographical feature category off the coast at person']
10936,a man of a man,['group of cartoon people walking on the street']
10725,a man of a man,['biological species on a roof at a seafood restaurant']
10123,a man of a man,"[""researchers have found that the ant 's hair allows the insect to travel under great temperatures in the desert .""]"
10126,a man of a man,['person of folk rock artist performs on stage']
10558,a illustration of a man of a background,['the symbol commercial at is laid out in red beads on a white background']
11018,a man of a man of a background,['medium hairstyles for round faces are pretty fun and interesting if you know a thing about them .']
11017,a man of a man,['football player is consoled by football player']
10460,a man of a man,['shone windows of houses of a night city']
10030,a man of a man,['smiling woman having her hair brushed against a white background']
10838,a man of a man with a background,['a dog is for forever ']
10201,a man of a man,['a model walks the runway during the fall fashion show']
10413,a man of a man,['establishing shot outside a fancy upper east side style apartment building .']
11007,a man of a man,['damage : author is pictured above walking down the highway next ']
10367,a man of a man,['person is a series set in a small rural town where not much of anything happens and everybody knows everybody and their business .']
10355,a man of a man,['when it comes to presents ']
11087,a man of a man,['a piece of legal paperwork and a plate']
10751,a man of a man,['how to put lights on a christmas tree !']
11305,a man of a man,['lanes closed after lorry carrying a tractor strikes a bridge']
10942,a man of a man,['explore the remote villages and natural splendour of the mountains']
10978,a man of a man,['coach ']
10220,a man of a man,['close up of a broken pencil in a man s hands']
11131,a man of a man,['businessman walking on a solitary road in the countryside stock photo']
11045,a man of a man,['listed site with sunset background .']
10482,a man of a man,['the romantic bedroom in the cabin .']
11139,a man of a man with a background,['workers are seen buffing the seams of the stainless steel sculpture ']
10216,a man of a man,['for the final performance at summer concert series ']
10780,a man of a man,['this is the back of my quilt .']
10323,a man of a man,['part of a larger artwork ']
10072,a man of a man with a background,['organization leader and his mother ']
11176,a man of a man,['the modern furniture with storage space saving cost and space']
10726,a man of a man,['journalist and actor using a garden hose to water the lawn of a house']
10614,a man of a man,['dry soil and cracked mud in the swamps']
10708,a man of a man of a white,['cat sitting in the doorway']
11023,a man of a man with a background,['seating area on the deck']
10895,a man of a man with a background,['black and white photo of bottles of wine on a kitchen counter']
11197,a man of a man,['golfers on the putting green']
11258,a man of a man,['is also home to a number of petting goats .']
10225,a man of a man,['people having discussions inside a conference room .']
11195,a man of a man,['big crowds and small waves showed up for the 32nd annual']
11222,a man of a man,['a female bison with her calf cross the road while grazing']
11013,a man of a man,['successful lady enjoying an ocean view']
10221,a man of a man,['the motorway passes over river and the canal .']
10502,a man of a man with a background,['happy couple flirting on scooter .']
10696,a man of a man,['businessman and a crowd of people in the background .']
10616,a man of a man,['some graffiti i found a few years ago .']
10400,a man of a man,['actor in a striped shirt and white jeans at the airport .']
11214,a man of a man with a background,['people in a queue to visit']
10544,a man of a man,['a woman is harvesting olives from trees']
10611,a man of a man,['the new bay bridge comes within inches of pier e1 of the old bridge .']
10298,a man of a man,['a man got depressed and sitting on a chair']
10800,a man of a man,['politician bows as he greets person the queen on the steps']
10125,a man of a man,['texture from the center of abstraction ']
11134,a man of a man,['the clowning glory of christmas']
11006,a man of a man of a background,['on cold winter nights ']
10381,a man of a man,['time lapse clouds over the paddy fields']
10463,a man of a man,['video game series - inspired necklaces for person in your life .']
10184,a man of a man with a white,['old glasses on the vintage document in selective focus']
10639,a man of a man,['our displayed shared the garage with armored vehicles overnight .']
10371,a man of a man with a white,['biological species on a rocking horse ']
10132,a man of a man,['there are several new food items']
10275,a man of a man with a background,['quarter view of automobile model on display in the zone']
10911,a man of a man with a background,['here are easy ways to pick up a few extra bucks on your next vacation .']
10281,a man of a man,['bird and lizard speak in a shopping cart inside a supermarket']
10473,a man of a man,['general view shows an illuminated globe during the opening ceremony .']
10471,a man of a man,['residents were seen looking out of windows in the residential block']
10336,a man of a man,['use yarn to tie your hair into a bun .']
10022,a man of a man,['actor arrives at the premiere .']
10654,a man of a man,['the bus carrying the team is escorted by police after having a window smashed']
10714,a man of a man,['the bride dances with her father under the tent .']
11008,a man of a man,['tourists getting on and off a cruise boat in autumn']
11191,a man of a man,['aerial view of a village in winter']
10576,a man of a man,['second event : awareness in the university to > student .']
10580,a man of a man,['silhouette of a rock climber']
11140,a man of a man with a background,['high on a hill sits this little shed with plenty of personality !']
